"Reviewer and Date","Reviewer","Date","Rating","Description"
"Ryeonmi Tuan 7 April 2021 	","Ryeonmi Tuan","7 April 2021","Diberi rating 1 bintang dari 5 bintang","Gimana sih ini. Masa dokter nya yg ngelewatin chat gtu aja ga di terima sama sekali ajuan dari aku tapi saldo nya ttp diambil. Gimana ini uang udh diambil tapi konsultasi ngga sama sekali tolong dong ada customer servicenya ga sih. Pengen komplain amat! Rugi tau ga jelas mengecewakan banget nih halodoc sekarang!!! 🤬🤬🤬🤬"
"ELLEN MULYANI 7 April 2021 	","ELLEN MULYANI","7 April 2021","Diberi rating 5 bintang dari 5 bintang","Ngebantu banget,,disaat saya tidak bs pergi k rumah sakit karena antrian panjang dan waktu yg mepet,, aplikasi ini sangattttttt ngebantu bangettttt,,,praktis dan tidak takut karena lgsg konsul sama dokternya dan dikasii resep pula,,makasiii"
"Benny Rachmadani 5 April 2021 	","Benny Rachmadani","5 April 2021","Diberi rating 5 bintang dari 5 bintang","Aplikasi ini sangat berguna sekali bagi semua. Terima kasih sudah mengadakan kegiatan vaksin serentak hari ini di prambanan sleman.terima kasih juga kepada pemerintahan diy yogyakarta dan para sponsor.kegiatan semoga para pembuatan kegiatan ini mendapat kan pahala yg berlimpah dari Tuhan Yang Maha Esa. Terima kasih sekali lagi.best regard benny"
"Erwin Fahri 29 Maret 2021 	","Erwin Fahri","29 Maret 2021","Diberi rating 1 bintang dari 5 bintang","Memgecewakan.. 3x daftar vaksin C19 untuk lansia ditolak, dengan alasan mesti pakai KTP setempat (padahal sudah ada suket domisili setempat). Sebenarnya sebagian besar vaksinasi C19 itu bisa menggunakan suket domisili, namanya juga vaksin gratis ya semua bisa asal masih warga negara Indonesia. Semoga ulasan ini tidak dihapus lg sama admin halodoc."
"edward 1 April 2021 	","edward","1 April 2021","Diberi rating 1 bintang dari 5 bintang","pertama kali konsul dg dr umum baik & bagus.kedua kali konsul dg Drh servicenya PARAH.blsin chat luama bangettttt smpai wktu 30 menit habis cm menyarankan ke klinik Drh scara langsung & malah curhat tentang kucing nya dia bla..blaa..bla..!! sy konsul ke Drh utk mencari solusi tentang kucing sy bkn utk dpt jwbn ANDA yg mencla mencle!!! bahasanya jg gk SOPAN!!! gk manggil bpk/saudara atau apa lah!!!!!! tlg di seleksi dl klo mau rekrut dokter!!!! BAD SERVICE DAN KUAPOKKK DEH!!!!!!!"
"Grace Shinta uli shinta uli 3 April 2021 	","Grace Shinta uli shinta uli","3 April 2021","Diberi rating 1 bintang dari 5 bintang","Parah vaksin lansia dosis ke 2 disini, parah banget udah nunggu 2 jam hanya untuk antre. Herannya vaksin pertama lancar2 aja. Habis waktu gak jelas buruk sekali. Kasian orgtua2 nya drpd vaksin disini mending ke aplikasi sebelah aja"
"wahyu ningrum 5 April 2021 	","wahyu ningrum","5 April 2021","Diberi rating 4 bintang dari 5 bintang","Baru sekali konsultasi, kebetulan dokternya nyaman saat saya menyampaikan keluhan, meminta foto untuk melihat langsung area sakitnya, dan pertanyaan dari dokter sangat detail. semoga resepnya cocok, mengatasi keluhan saya. Terimakasih dok."
"Widyawati Jahja 5 April 2021 	","Widyawati Jahja","5 April 2021","Diberi rating 5 bintang dari 5 bintang","Puas dengan pelayanan dilapangan terkait vaksin 1 dan dan 2 yg saya terima lancar dan cepat. Petugasnya ramah2, sabar dan penuh perhatian. Terimakasih Halodoc, salam sehat untuk kita semua 🙏🙏🙏🙏"
"Efzan Mukhsonif 5 April 2021 	","Efzan Mukhsonif","5 April 2021","Diberi rating 2 bintang dari 5 bintang","Saya mau konsul pembayaran pake CC 3x gagal, walopun keterangannya dana akan dikembalikan tp saya jd gak bisa konsul. Mau coba lagi males.. tolong sistem pembayaran diperbaiki!"
"Roy Martin 6 April 2021 	","Roy Martin","6 April 2021","Diberi rating 5 bintang dari 5 bintang","Sangat membantu sekali, bisa konsultasi dgn dokter nya lgsg, tanpa perlu repot ke rumah sakit atau ke faskes. Terima kasih Halodoc"
"Rita Gunawan 2 April 2021 	","Rita Gunawan","2 April 2021","Diberi rating 5 bintang dari 5 bintang","Mau tanya, vaksin c19 ke 1 saya tgl 29 Maret 2021, mau daftar utk vaksin ke2 ga bisa,karena kode kupon belom dikirim, sudah lewat 3 hari,gimana urusnya,terima kasih"
"M.ilyasa Zhavutra 29 Maret 2021 	","M.ilyasa Zhavutra","29 Maret 2021","Diberi rating 1 bintang dari 5 bintang","Aplikasi nya berbayar heheheheh...... Gak tau jg apk ini bagus atau ngga soalnya ngga terlalu nyobain, diliat sblm download sih bagus tp pas udh download ternyata berbayar, langsung kecewa sih. Tolong dikembangin lagi biar apk nya gk berbayar atau bisa gratis gitu, kayak apk sblh :"". Kasih bintang 1 dulu, kalo udh ada fitur tanya dokter GRATIS baru kasih bintang 5 :)"
"H3RM4N F4UZI 28 Maret 2021 	","H3RM4N F4UZI","28 Maret 2021","Diberi rating 5 bintang dari 5 bintang","Sangat canggih bisa langsung konsultasi dengan dokter ahlinya tanpa harus datang ke rumah sakit.respon cepat dari dokter juga sangat membantu saya yg memang sedang membutuhkan pelayanan kesehatan"
"fahmi Firmino 6 April 2021 	","fahmi Firmino","6 April 2021","Diberi rating 3 bintang dari 5 bintang","Selamat sore min, apakah aplikasi Halodoc sudah tidak bekerjasama lagi dengan MEDICILLIN.. mohon dijawab min.. terima kasih"
"Kenedy Tan 31 Maret 2021 	","Kenedy Tan","31 Maret 2021","Diberi rating 4 bintang dari 5 bintang","Mungkin krn baru pakai Aplk Halodoc makanya agak rada bingung tp konsultasi dgn Doc cukup baik, ramah, dan jelas , Thanks"
"allanm nugroho 5 April 2021 	","allanm nugroho","5 April 2021","Diberi rating 5 bintang dari 5 bintang","Ini aplikasi no ribet. Sangat membantu kita tdk perlu keliling apotik. Apalagi utk ubat2 yang jarang tersedia diapotik. Untuk konsultasi dengan dokter juga sangat mudah dan pelayanannya sangat2 ramah."
"Tengku Family 6 April 2021 	","Tengku Family","6 April 2021","Diberi rating 1 bintang dari 5 bintang","Uang habis 50 rb utk konsul,,tapi.. resep gak dapat.. malah dicuekin sam dokternya.. padahal posisi saya sedang sakit"
"Rista Arfi 25 Maret 2021 	","Rista Arfi","25 Maret 2021","Diberi rating 3 bintang dari 5 bintang","Gimana ini pesan obatnya susah terus .. sedang mencari driver terus .. kalo pesan offline bisa gak sih? Langsung k apotik trus kasih liat resepnya?"
"Daffania Line 3 April 2021 	","Daffania Line","3 April 2021","Diberi rating 4 bintang dari 5 bintang","Bagus...cuma kadang obat tdk tersedia di apotik terdekat harus pesen online...moga kedepan lebih baik..."
"Rasyid Arfiawan Gani 24 Maret 2021 	","Rasyid Arfiawan Gani","24 Maret 2021","Diberi rating 2 bintang dari 5 bintang","Untuk saat ini saya beri 2 bintang karena dari tadi saya coba masuk ke halodoc tp malah keluar langsung padahal sinyal hp saya mendukung"
"Aprita Rahmawaty 6 April 2021 	","Aprita Rahmawaty","6 April 2021","Diberi rating 5 bintang dari 5 bintang","Bisa konsultasi untuk sekedar pertanyaan2 kecil untuk antisipasi dari rumah sangat membantu... Terima kasih sudh menyediakam apliksi ini.."
"siti muliani 27 Maret 2021 	","siti muliani","27 Maret 2021","Diberi rating 5 bintang dari 5 bintang","App yang sangat useful dan efesien karena bisa memesan obat dimanapun tanpa harus keluar untuk cari apotek yang menyediakan obatnya ❤️ love this app! Kembangkan terus!"
"channel nya berhil 28 Maret 2021 	","channel nya berhil","28 Maret 2021","Diberi rating 2 bintang dari 5 bintang","Assalamualaikum , maaf sebelum nya saya mau bertanya , tadi saya habis unduh aplikasi halodoc di playstore terus saya buka aplikasinya dan setelah masuk aplikasi halodoc lalu saya klik chat dengan dokter dan setelah itu saya lihat disitu ada pilihan dokter yang akan di chat untuk konsultasi kesehatan dan saya sebenarnya ingin sekali konsultasi kesehatan dengan dokter di aplikasi halodoc tetapi harus membayar dulu baru boleh chat dan konsultasi dengan dokter di chat halodoc ?"
"aisyi rasyi 4 April 2021 	","aisyi rasyi","4 April 2021","Diberi rating 2 bintang dari 5 bintang","Ga tau knp aplikasi ini sering banget ngelag. Padahal udah coba uninstall banyak app di hp tetep sama. Bahkan aplikasi yg berat pun di hp aku masih jalan tapi halodoc ga😂"
"Great Bima 30 Maret 2021 	","Great Bima","30 Maret 2021","Diberi rating 1 bintang dari 5 bintang","Wah uang sudah diterima tapi status tes antigennya gak dikonfirmasi2. maunya nerima duit aja ya tp gak mau ngelayanin customer dan responnya sangat lama. Padahal sebelumnya lancar2 aja, tp kali ini bikin kecewa berat"
"Siti Rohimatun Nisaa' 30 Maret 2021 	","Siti Rohimatun Nisaa'","30 Maret 2021","Diberi rating 5 bintang dari 5 bintang","Konsultasi dengan dokter lebih mudah dan lebih menenangkan saat panik sehingga bisa memberikan pertolongan pertama saat sakit"
"Nelly Masudin 31 Maret 2021 	","Nelly Masudin","31 Maret 2021","Diberi rating 5 bintang dari 5 bintang","Dokternya sabar setiap ngasih jawaban jelas n akurat baik pula mksh dok jangan pernah bosen y dok setiap x sy ingin menanyakan tentang kesehatan 😁🙏🙏"
"Tika Hardi 4 April 2021 	","Tika Hardi","4 April 2021","Diberi rating 5 bintang dari 5 bintang","Good app. Sangat membantu bagi yg tidak punya banyak waktu luang. Dokter dokternya bagus semua. Layanan kesehatan juga sangat beragam."
"Koni Ross 27 Maret 2021 	","Koni Ross","27 Maret 2021","Diberi rating 5 bintang dari 5 bintang","Cukup baik utk penanganan pertama apalagi utk kita yg suka panik dan jangan sampai self diagnose, lebih baik bertanya langsung pd ahlinya guys!"
"tini aditya 7 April 2021 	","tini aditya","7 April 2021","Diberi rating 5 bintang dari 5 bintang","Sangat membantu pada saat urgent, jadi langsung tau apa tindakan selanjutnya Dokternya ramah Trimakasih halodoc"
"Lulu Miftahul Janah - RAL 2 April 2021 	","Lulu Miftahul Janah - RAL","2 April 2021","Diberi rating 5 bintang dari 5 bintang","Alhamdulillah bisa konsultasi langsung dengan dokter spesialis yang di inginkan. Semoga sukses terus halodoc."
"Ria Apriani 4 April 2021 	","Ria Apriani","4 April 2021","Diberi rating 5 bintang dari 5 bintang","Sangat membantu ketika posisi sedang diluar kota kondisi badan kurang fit,susah cari dokter,butuh obat yg sesuai dosis,jd terbantu sekali dengan aplikasi ini. Super Thanks To Halodoc 😀"
"Wenty Dian 24 Maret 2021 	","Wenty Dian","24 Maret 2021","Diberi rating 5 bintang dari 5 bintang","Untuk konsul dan beli obat di halodoc mudah banget, dengan aplikasi begini gak perlu report keluar lagi.. Cukup konsul dan beli obat tunggu di rumah deh"
"Yohanes Pirmansyah 12 Maret 2021 	","Yohanes Pirmansyah","12 Maret 2021","Diberi rating 1 bintang dari 5 bintang","Harga asli obat 66ribu di aplikasi 108rb. Cs jawabnya ada biaya adm. Lah biaya adm 40rb? Belum saya bayar biaya layanan 15rb. Buat pengguna apk ini sebelum membeli obat di apk ini lihat2 dlu harganya. Kalo selisih 5rb/10rb its okay ini 40 rb."
"Mata Jalan Id 6 April 2021 	","Mata Jalan Id","6 April 2021","Diberi rating 3 bintang dari 5 bintang","Cb di kaji lagi vaksin untuk mitra ojol krn sejatinya masih bnyk mitra yg pk 2 atau 3 app ojol buat nyari rejeki ada gojek grab indriver maxim,ntr klo dr semua app wajib vaksin mitrannya kita yg repot.bila perlu batalin krj sama vaksin biar mitra di vaksin lewat aparatur pemerintah."
"Zya Jamaluddin Al Rasyid AR 1 April 2021 	","Zya Jamaluddin Al Rasyid AR","1 April 2021","Diberi rating 5 bintang dari 5 bintang","Awalnya ada kendala ketika booking untuk tes swab antigen, karena ternyata kliniknya tutup operasial mulai dengan hari dimana saya booking tes swab antigen. Namun tim halodoc cukup cepat responnya, termasuk menelpon saya untuk konfirmasi dan kemudian melakukan refund pada hari yang sama. Masukannya agar kordinasi dengan klinik atau rs rekanan lebih ditingkatkan, sisanya sudah bagusss. Terima kasih."
"Anisa Ilahi 7 April 2021 	","Anisa Ilahi","7 April 2021","Diberi rating 5 bintang dari 5 bintang","Lumayan lengkap, dan pelayanan cepat, aplikasinya sangat mudah dan sangat membantu sekali"
"Thalia Winda Apriana 7 April 2021 	","Thalia Winda Apriana","7 April 2021","Diberi rating 5 bintang dari 5 bintang","Trima kasih Dr Silfia Mandasari Sp. DV untuk respon nya yg cepat dan arahan serta resep yg di berikan 🙏🙂"
"Andre Yosfa 30 Maret 2021 	","Andre Yosfa","30 Maret 2021","Diberi rating 2 bintang dari 5 bintang","Mf saya baru saja download aplikasi ini. Karena saya pingn tahu gejala sakit yg saya alami. Apakah d kenakan biaya bulanan🙏"
"Nita Yohanna 7 April 2021 	","Nita Yohanna","7 April 2021","Diberi rating 5 bintang dari 5 bintang","Sangat memberikan kemudahan, hanya di rumah saja...sakit bisa ter obati."
"Dwi Indriani Aulia 16 Maret 2021 	","Dwi Indriani Aulia","16 Maret 2021","Diberi rating 1 bintang dari 5 bintang","Saya sudah buat janji, sudah buka aps tepat waktu. Dan pas jam nya tiba dokternya ngak bales2 dan apsnya tbtb cancel. Padahal tulisannya di aplikasi, dia sedang online. Sangat mengecewakan. Saya mendownload aps ini karena memang sedang butuh, kalau seperti ini mah malah menjadi ngak berguna aps nya. Mau saya donasikan ke menu Donasi, malah tidak ada pilihan pembayaran dengan Saldo Halodoc. Walau jumlahnya kecil, tapi ini menunjukan bahwa pelayanannya tidak sebanding dengan aplikasi sebelah"
"Ayudya Syofian 27 Maret 2021 	","Ayudya Syofian","27 Maret 2021","Diberi rating 4 bintang dari 5 bintang","Sudah melakukan pembayaran tapi dokternya malah gak bisa di chat. terimakasih sudah di refund"
"Yuni Isdiyanti 6 April 2021 	","Yuni Isdiyanti","6 April 2021","Diberi rating 1 bintang dari 5 bintang","Bagaimana cara refund uangnya . Saya tlp customer servicenya tidak pernah bisa ..."
"Heri Astuti 29 Maret 2021 	","Heri Astuti","29 Maret 2021","Diberi rating 5 bintang dari 5 bintang","Tks halodoc sangat membantu. Untuk mendapt kan resep tanpa hrs pergi ke dokter."
"Darul Rully 23 Maret 2021 	","Darul Rully","23 Maret 2021","Diberi rating 3 bintang dari 5 bintang","Selamat Siang. Salam. Hari ini saya dapat telefon yang mengatas namakan Halodoc. Dia menyampaikan mengenai biaya claim dan pengaktifan biaya bulanan, tapi dia meminta untuk menyebut No. Rek. Untuk sistem pemotongan 39 Ribu. Mohon di konfirmasi apakah ini benar dari Halodoc, takutnya saldo akan tepotong tiap bulannya. Terima kasih."
"Avely Djong 6 April 2021 	","Avely Djong","6 April 2021","Diberi rating 4 bintang dari 5 bintang","apakah CS halodoc hari ini mengalami kendala sehingga sy tidak be menelpon/chat ke tim help halodoc?"
"khoirunnisa nisa 11 Maret 2021 	","khoirunnisa nisa","11 Maret 2021","Diberi rating 2 bintang dari 5 bintang","Saat selesai melakukan pembayaran dan sukses terpotong saldo saya, eh dokternya malah sibuk. Pengembalian dana katanya butuh waktu hingga 14 hari, sudah terhitung 14 hari kok belum masuk,, ternyata harus konfirmasi ke pihak bank terkait. Duh kirain otomatis dana dikembalikan dan masuk ke rekening, ternyata harus konfirmasi ke bank dulu. Ribet. Tolong permudah dong klo refund. Soalnya tidak semua orang dekat rumahnya dengan bank🙏"
"Chaero Nisa 10 Februari 2021 	","Chaero Nisa","10 Februari 2021","Diberi rating 5 bintang dari 5 bintang","Aplikasi ini sangat membantu, apalagi buat yg kerjanya banyak ke luar kota, it'will help you when you arround alone, enggak perlu bingung lagi cari dokter atau minta bantuan orang asing di wilayah asing, kita bisa chat kapanpun, bahkan obat bisa di anter sampai ke hotel, wajib punya aplikasinya"
"Mendra Roberto 5 Februari 2021 	","Mendra Roberto","5 Februari 2021","Diberi rating 4 bintang dari 5 bintang","Aplikasi sangat membantu dalam konsultasi ke dokter, sejumlah isu yang saya alami: 1. Upload foto, tidak sesuai dengan foto asli, foto menjadi sangat diperbesar (super zoom) 2. Dokter tidak bisa merevisi resep yang telah dikirimkan (dimana sesi masih berlangsung), misalnya setelah pasien mengabarkan bahwa obatnya tidak available di apotek 3. Update harga dan produk kerap tidak dilakukan oleh apotek, beberapa kali pengemasan dilakukan tanpa mencantumkan resep dokter"
"Ratna Kurnianingsih 31 Maret 2021 	","Ratna Kurnianingsih","31 Maret 2021","Diberi rating 5 bintang dari 5 bintang","Sangat membantu sekali bahkan bisa diresepkan dokter, obat jg bisa dikirim via online.. Terima kasih Halodoc"
"Roffy Sandi 12 Februari 2021 	","Roffy Sandi","12 Februari 2021","Diberi rating 1 bintang dari 5 bintang","Gak rekomendasi sama sekali untuk aplikasi ini, Waktu imlek saya pesan swab test di klinik dari aplikasi ini dan di aplikasi tertulis masih buka, ternyata setelah sampai di klinik ternyata tutup, dan gk ada klinik lain yg buka, sedangkan saya butuh saat itu juga buat swab test, saya minta refund masuknya gk bisa ke saldo rekening, harus keluar dana double untuk swab test lagi. Tolong diperbaiki kinerja aplikasinya terutama masalah refund."
"Yustartube Channel 21 Maret 2021 	","Yustartube Channel","21 Maret 2021","Diberi rating 5 bintang dari 5 bintang","Tertolong banget dengan adanya app ini apalagi di jaman Covid ini agak takut kalo ke rumah sakit...bahkan bisa juga lho konsultasi utk hewan peliharaan kita, konsultasi gigi dll...pokoknya tertolong sekali...terima kasih halo doc"
"Natalia Risti 2 April 2021 	","Natalia Risti","2 April 2021","Diberi rating 2 bintang dari 5 bintang","Ini Kedua x nya beli obat lewat halodoc, tpi kali ini tidak disertaka nota pembeliannya."
"Andri Pamungkas_0129 30 Maret 2021 	","Andri Pamungkas_0129","30 Maret 2021","Diberi rating 1 bintang dari 5 bintang","Ini apk bukan buat orang kelas bawah, tibang mau nanya obat aja harus bayarr 🤦‍♂️🤦‍♂️🤦‍♂️ Sungguh miris negeri ini' ktika org pintar yang d beri anugerah tak bisa membantu dengan ihklas' Seakan Uwang lebih kuasa dari tuhan🤦‍♂️🤦‍♂️"
"Henriette Kalay 27 Maret 2021 	","Henriette Kalay","27 Maret 2021","Diberi rating 5 bintang dari 5 bintang","Tengah malam juga dokternya tetap sabar melayani konsultasi....keren dr. Charles"
"dewi puspitasari 3 April 2021 	","dewi puspitasari","3 April 2021","Diberi rating 5 bintang dari 5 bintang","Alhamdulillah pelayanan cepat, dokter nya ramah, harga obat dapat d jangkau"
"Azizul 94 3 April 2021 	","Azizul 94","3 April 2021","Diberi rating 5 bintang dari 5 bintang","Sudah bagus. Mungkin bisa di mudahin lagi, buat cek tokonya di daerah mana"
"Jibays 1 April 2021 	","Jibays","1 April 2021","Diberi rating 1 bintang dari 5 bintang","Slow response adminnya. Kalo duit aja cepet, kalo komplain atau ada kendala leleeettt paraaahh 👎👎"
"Sofyan My 7 April 2021 	","Sofyan My","7 April 2021","Diberi rating 3 bintang dari 5 bintang","Sy driver gojek kmrn dpt pesan tuk vaksin covid tp harus bawa 2 orang lansia. Apa sy bs mendapatkn vaksin tnp membawa 2 org lansia ?"
"Julaiha Paokuma 7 April 2021 	","Julaiha Paokuma","7 April 2021","Diberi rating 5 bintang dari 5 bintang","Baru pertama kali konsultasi dan puas sama jawaban dokter nya, sangat membantu 🙏"
"Muhammad Aristan 4 April 2021 	","Muhammad Aristan","4 April 2021","Diberi rating 4 bintang dari 5 bintang","#temanhidupsehat# sangat membantu dalam konsultasi dan informasi terkait kesehatan,"
"Fika Maharani 27 Januari 2021 	","Fika Maharani","27 Januari 2021","Diberi rating 1 bintang dari 5 bintang","Saya kira chat ke dokternya gratis, eh ternyata bayar, dan balas chatnya lama banget, padahal kan saya mau tanya, obat buat ngilangin iritasi pada area miss V apa, udah 1 minggu area miss V suka gatal, kadang gatal kadang ngga, udah tak kasih minyak kelapa, tak kasih salep tapi masih gatal"
"DEAN CHANNEL 1 Februari 2021 	","DEAN CHANNEL","1 Februari 2021","Diberi rating 5 bintang dari 5 bintang","Suka bgt si. Mau beli obat g pake keluar . Dan berbincang sama dokter nya yg baik"" . Tapi memang ada aja dokternya yg kurang ramah terkesan buru"" . Tp untuk keseluruhan baik"
"Sukma Arsyad 30 Maret 2021 	","Sukma Arsyad","30 Maret 2021","Diberi rating 5 bintang dari 5 bintang","Cukup mempermudah saya untuk konsul, dan membuat janji dengan dokter sekitar lingkungan tempat tinggal saya."
"Tetty Hermawati 4 April 2021 	","Tetty Hermawati","4 April 2021","Diberi rating 5 bintang dari 5 bintang","menolong sekali aplikasinya saat darurat dan ada anak2 yg tidak bisa ditinggal di rumah, terima kasih halodoc"
"Sinta Damayanti 17 Maret 2021 	","Sinta Damayanti","17 Maret 2021","Diberi rating 1 bintang dari 5 bintang","Mohon maaf sy kasih bintang 1 . Jelek banget pelayanannya. Pesen vitamin dari tanggal 12 estimasi sampai tanggal 16 tapi sampai skrng blm sampai juga. Masih proses terus . Minta tolong CS di telp ga bisa , di chat jawabannya Sm nanti di cek nanti di cek . Entah sampai kapan di cek nya . Mau pembatalan pesanan buat beli ke e-commerce lain tp saldo ga bisa di tarik ke rekening. Tolong dong tingkatkan lagi pelayanannya . Tolong segera di kirim pesanan saya ."
"nona hiskia 20 Februari 2021 	","nona hiskia","20 Februari 2021","Diberi rating 5 bintang dari 5 bintang","Aplikasi ini membuat dokter spt keluarga, sahabat yg dekat, bisa dijangkau, tidak lagi berjarak. Harus bgt punya aplikasi ini,krn sakit dtg spt pencuri tiba². Jgn panik, pastikan saldo gopay cukup (yg simple buat saya), hub dokter, infokan scr benar keluhannya agar bisa dibantu utk obati. Lalu tunggu obat segera dikirim instant by Gojek. Sungguh terobosan yg sgt bermanfaat trutama di era pandemi, ketika semua hal mjd sangat berjarak Halodoc mendekatkn kita dgn dokter. Sukses utk halodoc 👍❤️"
"User Gaming 5 Maret 2021 	","User Gaming","5 Maret 2021","Diberi rating 2 bintang dari 5 bintang","Kemaren tepatnya hari kamis tgl 04-maret-2021 jam 12.53 wita sy mendapat telp yang mengatasnamakan sebagai Call Center Halo dokter(halodoc), dia menginfokan beberapa Fitur yang ada di Halodoc, dan menyuruh sy buat aktivasi biaya paket bulanan sebesar Rp.39.000 dengan auto debet dari bank sy. dan akan di infokan ke email aktif sy jika sudah terdaftar,karna sy merasa percaya dengan Halodoc saya menyetujuinya, tp sampai kini sy tak mendapat informasi apa dr gmail/email, Tp dana sy sudah terpotong."
"Bernardus Ferry 31 Januari 2021 	","Bernardus Ferry","31 Januari 2021","Diberi rating 1 bintang dari 5 bintang","Ada resep yg diberikan dokter, tp gk bisa mesen lewat aplikasi halodoc (entah kosong atau emang gk bisa dpesen lewat halodoc). Saran dokter suruh tunjukin resep ke kimiafarma, tp sampai sana resep dr halodoc gk berlaku. Akhirnya saya periksa ulang untuk mendapatkan resep manual. SIA SIA PAKAI HALODOC NYA! Update : saya sudah hub by chat di aplikasi halodoc, juga tidak ada respon jelas...hanya semacam autoreply. Ok fix gk akan pakai apk anda lagi. Sungguh mengecewakan!"
"Lius Risnuwanto 16 Maret 2021 	","Lius Risnuwanto","16 Maret 2021","Diberi rating 4 bintang dari 5 bintang","Aplikasi cukup membantu dan bisa digunakan oleh kalangan luas terbatas khususnya milenial, untuk konsultasi tipis-tipis. Saran, muculkan saldo nya di profile pemilik akun dan permudah lagi cara mengisi saldo dari berbagi bank dan aplikasi bayar2 lainnya."
"iam blinkeuu 6 April 2021 	","iam blinkeuu","6 April 2021","Diberi rating 4 bintang dari 5 bintang","Dokternya disini luamayan-sangat berpengalaman, fitur""nya juga membantu banget"
"Syafitri Harsya 30 Januari 2021 	","Syafitri Harsya","30 Januari 2021","Diberi rating 1 bintang dari 5 bintang","Pertama x menggunakan, sudah bayar via gopay dgn menggunakan kode vocer diskon pengguna baru..kemudian masuk di dokter yg lg statusnya online, ehhhh tiba2 status berubah jadi sibuk..loooohhh!! Diperintahkan cari dokter yang lain...ehhh disuruh bayar ulang lagi, laaaah gimana seeeehhh....yg uda terbayar hangus dooong?? First impressions nya ga bangettt...tolong pihak halodoc penjelasannya, heran saya."
"nurul maulia 25 Maret 2021 	","nurul maulia","25 Maret 2021","Diberi rating 5 bintang dari 5 bintang","Bener bener detail , membantu sekali para dokternyaaa , dikasih resep obat juga ."
"ICHA FARYANTI 5 Maret 2021 	","ICHA FARYANTI","5 Maret 2021","Diberi rating 2 bintang dari 5 bintang","Pertama kali instal untuk bisa daftarin vaksin lansia, di tanggalnya bertuliskan slot tersedia. Sudah isi data dan upload KTP juga. Giliran di submit udah penuh tulisnya. Auto recheck dong, eh ternyata ttep masih tersedia slotnya, resubmit malah penuh. Ga jelas beud. Segera perbaiki."
"Puji Ayu Lakstri 30 Januari 2021 	","Puji Ayu Lakstri","30 Januari 2021","Diberi rating 5 bintang dari 5 bintang","Aplikasi yg sangat membantu, dengan hrga obat dan ongkir yg msh relatif terjangkau, , Ibu saya jd bisa mendapatkan obat setelah mencari2 bbrp apotek terdekat tdk ada, akirnya melalui halodoc q menemukannya.. terima kasih banyak..sukses slalu..dan sll mempertahankan hrga yg terjangkau."
"Gus Yanto 24 Maret 2021 	","Gus Yanto","24 Maret 2021","Diberi rating 1 bintang dari 5 bintang","Saya kasih 1 bintang dulu krn order saya sdh bayar tapi status cancel dan uang blm tau lari kemana.... Kalau uang sdh balik, baru saya kasih bintang 3 Transaksi 69QLO6-3363 kenapa di cancel"
"Kartika Tri Wahyuni 10 Februari 2021 	","Kartika Tri Wahyuni","10 Februari 2021","Diberi rating 5 bintang dari 5 bintang","Aplikasi ini benar-benar membantu banget. Disaat pandemi seperti ini, mau berobat ke RS atau klinik itu rasanya gimana ya, jadi klo sakitnya ga parah2 banget dan bisa dikonsultasikan secara online apps ini bener2 berguna banget. Hanya saran saja di filter pencarian dokter mungkin kalau bisa ditambahkan kota akan lebih baik lagi untuk mencari dokter di kota yang sama dengan pengguna app. 🙏🙏"
"Aguz R 3 April 2021 	","Aguz R","3 April 2021","Diberi rating 5 bintang dari 5 bintang","Asli bagus banget jam 12 mlm nyari obat pilek buat anak langsung sampai pakai gojek.."
"JH Pjt 16 Maret 2021 	","JH Pjt","16 Maret 2021","Diberi rating 1 bintang dari 5 bintang","Bikin Aplikasi Ambil Antrian Online aja ya , kalo gak bisa jadi aplikasi yang terintegras . Ditanya mana hasil cek nya , jawab nya sedang kami upayakan, gitu aja terus cuma bikin laporan laporan laporan dan laporan.. Sehat tanpa Ribet dengan halodoc , expetasi kami pun sama sebenarnya dengan tujuan utama halodoc cuma boh ya fair lah sama slogan nya . Kalo customer tetep kudu ke klinik bolak balik nanya hasil test udh keluar apa belum , ngapain pake online ."
"risma simatupang 11 Maret 2021 	","risma simatupang","11 Maret 2021","Diberi rating 5 bintang dari 5 bintang","Konsultasi memuaskan, juga sangat recomended buat saat seperti ini yg tdk mau keluar rumah krn mengurangi mobilitas.. Semoga dokter dokter yg ada di halodoc bisa tetap sehat, supaya bisa tetap membantu juga melayani banyak nya keluhan pasien yg membutuhkan. (sangat recomended)"
"Paul Butar Butar 29 Maret 2021 	","Paul Butar Butar","29 Maret 2021","Diberi rating 2 bintang dari 5 bintang","Hallo dok apa benar kalau telat datang bulan hampir 3 bulan postif hamil? Mohon petunjuk nya dok..."
"Stephanie oktavia 14 Maret 2021 	","Stephanie oktavia","14 Maret 2021","Diberi rating 5 bintang dari 5 bintang","Sangat bermanfaat di saat anak kami sakit dimalam hari,kami tidak perlu ke RS.hanya chat dgn dokter melalui aplikasi Halodoc smuanya beres ,apalagi di masa pandemic bgini,thx bantuannya para dokter dan thx juga utk aplikasi Halodoc"
"Lobbang Sude 3 April 2021 	","Lobbang Sude","3 April 2021","Diberi rating 1 bintang dari 5 bintang","Aplikasi rongsokan,, kita cari obat Driver gojek diarahkan ke apotik yang tutup,"
"IsMael SariMaya elbantani 5 Februari 2021 	","IsMael SariMaya elbantani","5 Februari 2021","Diberi rating 5 bintang dari 5 bintang","Sangat membantu disituasi pandemi covid19 ini ... dan memudahkan sertA bisa ber interaksi dg dokter ... Tingkatkan systemnya ,,, agar lebih cepat saat kita sdh booking ..langsung ada notifikasi"
"Budi Anton Sitepu 24 Maret 2021 	","Budi Anton Sitepu","24 Maret 2021","Diberi rating 1 bintang dari 5 bintang","Saya mengalami kekesalan dengan appsnya. Saya mendaftar untuk vaksinasi lansia berhubung saya sudah lansia. Saya buat janji pada tanggal 25 untuk vaksinasi sejak seminggu yang lalu tapi tiba-tiba dibatalkan"
"Yuni Harmi 2 April 2021 	","Yuni Harmi","2 April 2021","Diberi rating 5 bintang dari 5 bintang","Trimaksh halodok saran saya kami diberi resep terbagus ya agar gak usah tatap muka sama dokter dulu"
"Valencia Victoria 26 Januari 2021 	","Valencia Victoria","26 Januari 2021","Diberi rating 1 bintang dari 5 bintang","kecewa banget jujur, setiap mau beli obat disini aplikasinya selalu nggak berfungsi. ngebug terus gabisa di pencet apa apa padahal hp saya baik baik aja dan bisa buka aplikasi yang lain. tolong diperbaiki ya,"
"Neng Riceu 1 Februari 2021 	","Neng Riceu","1 Februari 2021","Diberi rating 5 bintang dari 5 bintang","Untuk keluhan langsung di tangani dan diperbaiki, dan memang sepatutnya seperti itu sih. Cuma, buat kalian yang mau konsultasi, lebih baik pilih dokter dengan reputasi 100%, jangan mau cari dokter dengan reputasi di bawah 98%."
"Feti Dawud 7 April 2021 	","Feti Dawud","7 April 2021","Diberi rating 5 bintang dari 5 bintang","Menyenangkan bisa langsung konsultasi dengandokyer tanpa harus keluar rumah"
"evi yuliani 11 Maret 2021 	","evi yuliani","11 Maret 2021","Diberi rating 1 bintang dari 5 bintang","Saya buat janji sesuai jadwal yg tersedia di Lab Prodia Mega Galaxy Sby : pd 11 maret jam 9 pagi. Pd hari H ternyata Prodia tutup. Herannya : kenapa jadwal tsb tersedia di aplikasi halodoc ? Ada bbrp org juga kecele. Sdh Chat ke Bantuan halodoc tapi slow respon, 7 jam belum ada solusi. Ada sms halodoc utk membatalkan/mereschedul, saya coba tapi aplikasi tdk bisa. jawaban aplikasi : pembatalan hny berlaku hingga 12 jam sblm jdwl konsul. Reshedule 1 jam sblm jdwl konsul. Ampun ampun deh."
"Didin Sanusi 3 April 2021 	","Didin Sanusi","3 April 2021","Diberi rating 5 bintang dari 5 bintang","Halodoc mantap, konsultasi dokter cepet di respon dan ramah terima kasih"
"khanzyumey Channel 7 April 2021 	","khanzyumey Channel","7 April 2021","Diberi rating 5 bintang dari 5 bintang","Smoga dengan adanya halodoc bs memBantu pasien untuk konsultasi dr rumah terima kasih"
"dini hildah 23 Maret 2021 	","dini hildah","23 Maret 2021","Diberi rating 5 bintang dari 5 bintang","Saya senang berobat dan konsul sama doktet shanti tandayu internist yang ramah dan sangat jelas tidak bertele² dalam memberi obat dan arahan. Alhamdulilah isk saya sudah membaik. Terima kasih halodoc sangat bermanfaat bagi saya. 👍👍👍👍👍"
"Frisda Henida 1 Februari 2021 	","Frisda Henida","1 Februari 2021","Diberi rating 1 bintang dari 5 bintang","Telvon cs, email, dan chat di aplikasi sudah di lakukan dari Desember 27 kmren tapi jawabannya hanya mohon menunggu terus tidak ada kepastian , telvon CS juga demikian, kalau sekiranya memang tidak dapat mengembalikan di info aja biar yang punya dana tidak menunggu yang tak PaSTI"
"Amin Rejo Rejo 4 Februari 2021 	","Amin Rejo Rejo","4 Februari 2021","Diberi rating 3 bintang dari 5 bintang","Aplikasi ini sangat membantu..cuman satu yg perlu di konfirmasi...masalah resep dokter ke apotik tujuan terkadang stok obat banyak yg kosong dan ngk sesuai resep dokter..."
"Elis puspita 2 April 2021 	","Elis puspita","2 April 2021","Diberi rating 5 bintang dari 5 bintang","Pesen obat di halodoc pelayanan fast respon dan langsung dikirim pas banget lagi urgent"
"Fanny Dennise 10 Maret 2021 	","Fanny Dennise","10 Maret 2021","Diberi rating 5 bintang dari 5 bintang","Suka banget dengan aplikasi ini, sangat membantu. Pelayanannya juga bagus. 1 kali pernah ada case kurang kirim barang, utk kekurangannya langsung di kirim keesokan harinya. Sukses terus halodoc, makin ditingkatkan lagi pelayanannya."
"Wasyharisag Saga 27 Januari 2021 	","Wasyharisag Saga","27 Januari 2021","Diberi rating 5 bintang dari 5 bintang","Membantu banget apk ini untuk keadan covid yg blom mereda sampe sekarang, membeli obat tiidak perlu cemas lagi karena ada keterangan dan petunjuk di dalam kardus obatnya, semoga kualitasnya chatnya lebih di up (tingkatkan lagi fast respond nya), sekian trims"
"Wiwi Siti Hasanah 25 Januari 2021 	","Wiwi Siti Hasanah","25 Januari 2021","Diberi rating 1 bintang dari 5 bintang","Dri tgl 27 des udh komplain dana blm balik smpai skrng. Skrng Tgl 25 januari. Hampir sebulan. Ktnya maks 5 hari kerja. Status cancelled rapit antigen. Udh ngabisin pulsa buat tlpn cs tpi gk ada hasil. Perlu saya dtng ke kantornya kah???"
"Dinny Andriani 6 April 2021 	","Dinny Andriani","6 April 2021","Diberi rating 5 bintang dari 5 bintang","penjelasan nya sgt jelas dan detail,sehingga dapat gdn mudah di mengeeti"
"Sylvie Tan 16 Maret 2021 	","Sylvie Tan","16 Maret 2021","Diberi rating 5 bintang dari 5 bintang","Membantu sekali untuk konsultasi dokter, tidak perlu antri lama, pembelian obat pun sangat mudah, langsung diantar sampai depan rumah.."
"Dewi Kartika Handa Yanti 4 Maret 2021 	","Dewi Kartika Handa Yanti","4 Maret 2021","Diberi rating 5 bintang dari 5 bintang","Kl aja bisa sy kasih lebih dr 5 bintang 🤩 pasti sy kasih 10.. Ini Aplikasi terbaik pembelian kebutuhan medis disaat darurat pada waktu yg tidak memungkinkan kita utk keluar rumah.... Sangat bagus sekali, masukannya hanya semoga semakin banyak apotek yg bekerja sama dgn aplikasi ini, jd jarak pickup obatnya gak selalu jauh 😁👍"
"Rahayu Tri Kereni 16 Februari 2021 	","Rahayu Tri Kereni","16 Februari 2021","Diberi rating 5 bintang dari 5 bintang","Puas konsultasi dengan dokter di Halodoc, cuma kalau saya pas di Papua seperti sekarang ini masih susah kalau Nebus obat hanya dengan nunjukin chat, bahkan dulu hampir tidak mau ngasih obatnya, untung akhirnya mau ngasih juga meski harus tanda tangan segala"
"Ari Budiarso 29 Januari 2021 	","Ari Budiarso","29 Januari 2021","Diberi rating 2 bintang dari 5 bintang","metode pembayaran terbatas, saat registrasi tidak disertakan langsung kolom email shg first time experience nya ndak banget dan ngaruh ke penerbitan invoice shg harus menunggu 1-3x24 jam. customer service tdk responsif namun solutif"
"Fitrah tri Albany_004 18 Maret 2021 	","Fitrah tri Albany_004","18 Maret 2021","Diberi rating 5 bintang dari 5 bintang","Sebelumnya saya kasih bintang 1, soalnya ad kendala dengan pembayay melalui gopay. Tapi penyelesaian masalah dari tim halodoc sangat cepat dan sangat membantu, terimakasih buat tim halodoc👍"
"herma irawati 5 Maret 2021 	","herma irawati","5 Maret 2021","Diberi rating 2 bintang dari 5 bintang","Niat install aplikasi ini karna pgnnya mempermudah beli obat, karna kondisi saya lagi sakit dan di kos sendirian. Tpi saya beli hari ini estimasi nyampenya 5 hari lagi.. Aplikasi ini tidak cocok digunakan untuk kondisi urgent.. Ini kalau yg beli obat lewat sini orang yg sakit parah keburu wasalamm obatnya baru nyampe.. Saya akan mengedit ulasan ini jika aplikasi halodoc sudah diperbaiki lagi sistemnya"
"Muhamad Gilang Bintang 16 Februari 2021 	","Muhamad Gilang Bintang","16 Februari 2021","Diberi rating 5 bintang dari 5 bintang","Aplikasi the best, membantu banget, harga konsultasi murah, pembayaran bisa pake gopay, ga perlu repot konsultasi ke klinik, bisa di aplikasi dulu, setelah itu mendapat arahan apa yg harus dilakukan. Dokter""nya juga the best semua di aplikasi Halodoc ini. Terima kasih🙏🙏"
"Rizal Fadilah 29 Maret 2021 	","Rizal Fadilah","29 Maret 2021","Diberi rating 1 bintang dari 5 bintang","Saya order ga bisa2x. Selalu ada notif ada yang salah. Coba lagi"
"arjuna Prasetyo 8 Februari 2021 	","arjuna Prasetyo","8 Februari 2021","Diberi rating 4 bintang dari 5 bintang","Aplikasi sangay membantu apalagi dimasa pandemi sekarang ini, namanya konsultasi dokter pasti bayarlah sekolahnya aja mahal, ini masih mending bayarnya sangat terjangkau kalo datang lgsg pasti jauh leboh mahal.. Terima kasih halodoc"
"Nurul Luthfiyah 7 April 2021 	","Nurul Luthfiyah","7 April 2021","Diberi rating 5 bintang dari 5 bintang","Terimakasih halodoc, aplikasi terpercaya utk chat langsung dengan dokter👍"
"Adi Rifangga 18 Maret 2021 	","Adi Rifangga","18 Maret 2021","Diberi rating 1 bintang dari 5 bintang","Asli parah aplikasi ini, niat nya mau mempercepat untuk urusan rapid antigen tapi malah terkendala di aplikasi ini, sia2 sdh berharap berharap berangkat kerja malah tidak jadi. Dan parahnya dana sampai sekràng belum dikembalikan dari pihak halodoc"
"Sophia Sophia 3 April 2021 	","Sophia Sophia","3 April 2021","Diberi rating 5 bintang dari 5 bintang","pelayanannya sangat memuaskan dan petugasnya sangat ramah.Terima kasih Halodoc"
"0465 Mawaddati 26 Februari 2021 	","0465 Mawaddati","26 Februari 2021","Diberi rating 5 bintang dari 5 bintang","Halo dokter, saya ibu dari anak bayi berusia 1,2bln, anak saya sekarang lagi di rawat di rumah sakit, hasil rongsen nya dia mengidap penyakit radang paru2, tolong dokter gimana agar anak saya sembuh total dari penyakit tersebut, trimaksih sebelumnya🙏🙏🙏"
"ace kurniawan 22 Maret 2021 	","ace kurniawan","22 Maret 2021","Diberi rating 5 bintang dari 5 bintang","untuk pemesanan obat untuk fitur chatnya tolong jangan dialihkan ke fitur SMS dong karena itu butuh pulsa kalo bisa dialihkan ke fitur gojeknya atau buat fitur chat sendiri dari aplikasi halo doc jadi kita bisa konfirmasi ke driver tanpa harus pake pulsa"
"Dwi Yuli Yani 7 April 2021 	","Dwi Yuli Yani","7 April 2021","Diberi rating 2 bintang dari 5 bintang","Posisi pengambilan obat selalu jauh dari rumah dan harus menunggu lama"
"Tika Mayasari 16 Maret 2021 	","Tika Mayasari","16 Maret 2021","Diberi rating 5 bintang dari 5 bintang","Sangat membantu sekali di masa pandemi seperti ini,kita takut kalau datang langsung ke dokter karena bertemu dengan banyak orang kita cukup duduk manis aja"
"Lucia Hayon 3 Maret 2021 	","Lucia Hayon","3 Maret 2021","Diberi rating 1 bintang dari 5 bintang","Halo doc, klg sy periksa PCR hasilnya H 1. Periksa dari tgl 2 maret jam 10.30. Yg di drive thru kemayoran.Tapi sampai hari ini tgl 3 maret jam 12.08 blm ada hslnya. Waduh gmn sih.sedangkan sy butuh hslnya cepat. Kok tambah lama pelayanan pemeriksaan covid dihalo doc menurun ya. Sy periksa bukan yg gratis loh"
"Dillapia BayuKrynngtys 6 April 2021 	","Dillapia BayuKrynngtys","6 April 2021","Diberi rating 5 bintang dari 5 bintang","Konsultasi keluhan jadi mudah dan ga perlu ribet antri di rumah sakit"
"Tasum Ramansyah 21 Maret 2021 	","Tasum Ramansyah","21 Maret 2021","Diberi rating 5 bintang dari 5 bintang","Cepat tepat hemat dan efesien utk buat janji vaksinasi covid19 lansia... Aplikasi ini sangat membantu dan skrg tinggal buat janji vaksinasi yg kedua.. Sukses dan selalu amanah buat Halodoc...👍🙏🙏"
"Euis Noors 1 April 2021 	","Euis Noors","1 April 2021","Diberi rating 5 bintang dari 5 bintang","Malam2 saat sakit dan bingung nanya kemana, ada halodoc yang siap menjawab semua keluhan dan obat pun langsung diantar, hanya ada kendala di pengiriman kadang driver tidak bisa kontak langsung teleponnya"
"RIMI CHANNEL 25 Maret 2021 	","RIMI CHANNEL","25 Maret 2021","Diberi rating 1 bintang dari 5 bintang","Sumpah kenapa sekarang chat Ama dokter doang pake bayar dulu engga .aplikasi ini GX membantu orang susah mau konsultasi aja bayar .kecuali beli obat atau periksa oke lah tp ini cuma chat bayar .GX membantu sama se x"
"Rendy Ardiansyah 30 Januari 2021 	","Rendy Ardiansyah","30 Januari 2021","Diberi rating 5 bintang dari 5 bintang","Selamat siang ... Saya baru nerima hasil test PCR saya ..tapi ketika buka aplikasi dan melihat hasil test ... Aplikasi tersebut keluar sendiri ..dan balik ke menu beranda .. bisa tolong kirim via email .. Dengan cover english.. Terimakasih.."
"TomeV 14 Maret 2021 	","TomeV","14 Maret 2021","Diberi rating 5 bintang dari 5 bintang","Konsultasi disini memuaskan tanpa pergi ke apotek saya ucapkan terima kasi atas ada aplikasi halodoc ini! Semoga halodoc bisa membuat banyak manfaat lagi"
"Syumar Ahmad 30 Januari 2021 	","Syumar Ahmad","30 Januari 2021","Diberi rating 5 bintang dari 5 bintang","Bagus, memudahkan orang untuk tidak panik, setidaknya bisa konsultasi sebelum tindakan selanjutnya ke RS, apalagi masa2 pandemi sekarang agak khawatir ke RS"
"AGUS SUHENDI 3 Maret 2021 	","AGUS SUHENDI","3 Maret 2021","Diberi rating 2 bintang dari 5 bintang","kenapa sudah bayar tapi dokternya sibuk? Chat ulang ga digubris. Blum juga nyapa udah bilang dokternya sibuk. Pdhal gopay sudah kpotong. Pengembalian dana 5 hari terlalu lama.Mohon diprtimbngkan jika dokter tdk mau gubris,lebih baik dilaporkan saja.Sibuk ngapain coba? kalo berani daftar halodoc sdh resiko hrs nerima permintaan konsultasi pasien manapun donk jgn diemin gajls.REFUND lebih flexible 1x24 jam.RESPON Selama sesi berbayar adalah hak pasien, JANGN MAKAN GAJI BUTA. CHAT 30 MNT DIEM2 BAE?"
"Pustakagira 31 Januari 2021 	","Pustakagira","31 Januari 2021","Diberi rating 5 bintang dari 5 bintang","Saya baru 2x memakai applikasi ini, keduanya ke spesialis anak. Dokter hervita yeni sangat membantu, bintang 10 kalau bisa buat dokter. Terima kasih"
"Saty Nurwaty 8 Maret 2021 	","Saty Nurwaty","8 Maret 2021","Diberi rating 1 bintang dari 5 bintang","Tepat hari ini tanggal 8 Maret 2021 saldo di ATM saya di ambil 39.000 karna program yang sedang di adakan oleh hallodocter karna kemaren ada yang telfon dan mengatasnamakan CS hallodocter. Saya merasa di rugikan dan saya ingin berhenti , bagaimana cara untuk berhenti dari langganan itu ????"
"mang borpump 5 Maret 2021 	","mang borpump","5 Maret 2021","Diberi rating 2 bintang dari 5 bintang","layanan proses cepat, catatan untuk pasien dengan status gejala covid, para dokter di kasih himbauan untuk mengasih pil tidur, sesuai dosis yang di perlukan, orsng sakit butuh istirahat yang cukup"
"Gertrude Nelwan 26 Februari 2021 	","Gertrude Nelwan","26 Februari 2021","Diberi rating 4 bintang dari 5 bintang","Semua untuk beli obat dan layanan dokter bagus, tetapi ada satu gangguan cukup besar ya itu tidak bisa ganti nomor jadi kalau nomor ganti tidak bisa pakai email lama dan semua riwayat transaksi sebelumnya hilang. Hanya satu masalah ini dengan aplikasi"
"dewi cahyandari 24 Februari 2021 	","dewi cahyandari","24 Februari 2021","Diberi rating 5 bintang dari 5 bintang","Selalu senang menggunakan aplikasi ini.. fast respon, obat juga bs lgsg diantar setelah di beri resep, pelayanan 24 jam dan sering mendapatkan dokter yang baik serta informatif...terima kasih halodoc"
"Sari Fitri yani 27 Januari 2021 	","Sari Fitri yani","27 Januari 2021","Diberi rating 1 bintang dari 5 bintang","Udah bayar buat janji konsultasi sama dokter, tapi tiba jam konsultasi tidak ada pilihan untuk chat kemana. Uang hangus begitu saja. Bener2 bikin kecewaa"
"said amry 29 Maret 2021 	","said amry","29 Maret 2021","Diberi rating 5 bintang dari 5 bintang","Sangat membantu selama masa covid-19 jadi ngga perlu keluar rumah"
"Awalludin Malik Affandy 2 Februari 2021 	","Awalludin Malik Affandy","2 Februari 2021","Diberi rating 1 bintang dari 5 bintang","Aplikasi gak membantu. Lagi chat tanya ke cs, masalahnya belom selesai kok udah diakhiri aja. Trus apa gunanya ada fitur chat dengan mereka??"
"Ismina Dwi 13 Februari 2021 	","Ismina Dwi","13 Februari 2021","Diberi rating 1 bintang dari 5 bintang","Halodoc, pembayarannya apa tidak diperluas lagi? Masa iya cuma gopay, bca, mandiri dan debit yang saya gak tau apa maksudnya. Saya jadi ragu mau cobain apknya, mau ke dokter langsung juga jauh dan pandemi gini. Kalau bisa pembayarannya dilakukan dimana aja, indomaret, alfamart, dsb. Kalo di kota akses emang gampang, nah kalo di desa gimana? Susah juga jadinya. Intinya ditingkatkan lagi plissss"
"Kurniawan Syahid 24 Maret 2021 	","Kurniawan Syahid","24 Maret 2021","Diberi rating 5 bintang dari 5 bintang","Aplikasi yang sangat bagus dan semua dokter yang ada didalamnya sangat bertanggung jawab bangat semoga aplikasi dapat berkembang lebih baik lagi dimasa yang akan datang"
"Yuda FA 10 Maret 2021 	","Yuda FA","10 Maret 2021","Diberi rating 5 bintang dari 5 bintang","Sama seperti saat kita konsultasi dgn dokter pada umumnya, hanya dilakukan secara on line. Sangat memudahkan sekali. Banyak pilihan dokter dan range biaya yg bisa disesuaikan. Terima kasih Halo Doc."
"Dede Arvide 6 Februari 2021 	","Dede Arvide","6 Februari 2021","Diberi rating 5 bintang dari 5 bintang","Seneng banget pake aplikasi ini. Konsultasi dokternya murah,jelas lagi dikasih resep terus ditebus. Kita duduk manis,obat dianter abang gojek."
"Yani Oce 26 Januari 2021 	","Yani Oce","26 Januari 2021","Diberi rating 3 bintang dari 5 bintang","Waktu chat dengan dokter benar2 hanya 1 jam sedangkan untuk kasus2 tertentu memerlukan tambahan sedikit waktu,,seharusnya diberikan opsi penambahan waktu yg disetujui oleh pasien dan dokter sampai terbit resep dokter dan untuk resep dokter tidak dapat dishare dan diunduh jg tidak ditemukan dalam folder hp,,dan kedepannya juga untuk dokter dapat memberikan opsi tes lab dan dapat diajukan lgsung melalui online ke laboratorum yg bekerjasama dengan halodoc"
"Virgita Puspasari 15 Februari 2021 	","Virgita Puspasari","15 Februari 2021","Diberi rating 5 bintang dari 5 bintang","pelayanan bagus TAPI kalo nyari apotek baiknya ditulis gitu darimananya, kasian abang gojeknya nganter jauh-jauh bgt. pertama dari kebon jeruk - ciputat, trs bsknya dari banjar wijaya - ciputat."
"Wandi Kurniawan 30 Januari 2021 	","Wandi Kurniawan","30 Januari 2021","Diberi rating 5 bintang dari 5 bintang","Bagus.. Terkadang orang cari2 pengobatan sendiri di google, lebih bahaya. mending pakai aplikasi yang jelas2 ada dokter nya seperti halodoc, lebih aman, lebih praktis dan murah."
"Yovvi Hs 16 Maret 2021 	","Yovvi Hs","16 Maret 2021","Diberi rating 1 bintang dari 5 bintang","Hallo halodoc saya Iwan Setiawan BE 4068 AG salah satu driver gojek bandar Lampung ,saya mau konfirmasi saya dapat orderan halodoc di apotek jesaya farma orderan pengambilan obat ,saya di harap menunggu karna barang sedang di persiapkan ternyata obat yg di order tidak tersedia sementara aplikasi gojek saya sdh saya jalankan kalau holodoc order gojek,barang sdh ready driver tinggal bawa karna barang tidak ada dan saya tetap menjalankan orderan berdasarkan konfirmasi pelanggan dan pihak apotik apl"
"silvia rubiyanti Saputra 11 Februari 2021 	","silvia rubiyanti Saputra","11 Februari 2021","Diberi rating 5 bintang dari 5 bintang","Respon dokter cepat...dan rekomendasi obat yg diberikan cocok..tidak perlu tatap muka, apalagi saat pandemi seperti ini..sukses selalu halodoc"
"Kumala Permata 2 April 2021 	","Kumala Permata","2 April 2021","Diberi rating 5 bintang dari 5 bintang","Sangat sangat membantu dan biaya komsul plus obat terjamgkau Terimakasih"
"Risky Fajriyah 20 Maret 2021 	","Risky Fajriyah","20 Maret 2021","Diberi rating 2 bintang dari 5 bintang","Niat make aplikasi ini supaya cepat karna di rumah sendirian ,tp nyatanya apoteknya jaaaauhhhh bgtt . Pdhl ada apotek bumn dan swasta diskitar aku, lain kali mungkin bisa ada fitur yg ngebuat pembeli/driver yg milih apotek terdekat pakai manual. Kalau gini saya harus nahan rasa sakit lebih lamaa pdhl posisi saya di kota ."
"Soni Irawan 3 Februari 2021 	","Soni Irawan","3 Februari 2021","Diberi rating 5 bintang dari 5 bintang","Sangat membantu disaat pandemi begini yg membatasi kegiatan kita, apalagi jika harus ke unit kesehatan, nampak agak creepy, jd terbantu dengan adanya aplikasi ini. Terima kasih halodoc"
"Salsabila Azka 3 Februari 2021 	","Salsabila Azka","3 Februari 2021","Diberi rating 5 bintang dari 5 bintang","Untuk sesi konseling dengan psikolog, bagus sih, cuman ya namanya via chat memang tidak selega cerita langsung. Pastikan kalo kalian mau konsul udh siapin apa yang mau diceritain ya!"
"Dita Farida 14 Maret 2021 	","Dita Farida","14 Maret 2021","Diberi rating 5 bintang dari 5 bintang","Bingung awalnya. Ada biaya penanganan. Tp kok ngga ada biaya ongkir. Gataunya biaya penanganan tuh termasuk ongkirnya hahaha. Jatohnya lebih murah. Tengkyu halodoc ❤"
"Petricia Kurniawan 29 Maret 2021 	","Petricia Kurniawan","29 Maret 2021","Diberi rating 5 bintang dari 5 bintang","Sangat membantu aplikasi ini berhubunham demgam dokter apa lagi saat pandemi seperti imi"
"Andi 2 Februari 2021 	","Andi","2 Februari 2021","Diberi rating 3 bintang dari 5 bintang","Sangat membantu... Tetapi ketika membeli obat yg diresepkan oleh dokter kita nggak bisa milih apoteknya. Tingkatkan lagi agar lebih fleksibel..."
"Vidy Widya 9 Maret 2021 	","Vidy Widya","9 Maret 2021","Diberi rating 5 bintang dari 5 bintang","Semenjak ada halodoc merasa terbantu banget apalagi bs konsultasi beli obat dari rmh tanpa hrs antri ke rmh sakit ataupun ke apotik. Yang lebih enak nya lagi ada diskon utk sesi konsultasi dgn dokter nya. Makasi ya halodoc memudahkan hidup semoga makin banyak promo² nya. Sukses slalu halodoc 👍"
"AJ Channel 4 April 2021 	","AJ Channel","4 April 2021","Diberi rating 1 bintang dari 5 bintang","Aplikasinya jelek bgt, sudah aktivasi malah loading terus terusan, gk bisa diklik lagi"
"Wiranto Bakri Katti 24 Februari 2021 	","Wiranto Bakri Katti","24 Februari 2021","Diberi rating 5 bintang dari 5 bintang","Pelayanan halo doc sangat memudahkan mendapatkan obat, karena saya sudah keliling 4 apotek tidak terlalu lengkap tapi halodoc menjadi solusi terbaik dengan kelengkapan obatnya. Terima kasih, Halodoc"
"Anisa Dilla 18 Februari 2021 	","Anisa Dilla","18 Februari 2021","Diberi rating 5 bintang dari 5 bintang","Sangat membantu.. tapi pas saya pesen obat lamaaa banget sampainya padahal lagi darurat segera butuh 🥺 udah 6 hari ini belum sampai :(( Trus tidak ada histori perjalanan paket obatnya sampe mana jadi kaya menunggu ga pasti sampenya kapan.. Update : Terimakasih tim halodoc cepat merespon dan memberi kejelasan 😊🙏"
"Naila Rahman 21 Maret 2021 	","Naila Rahman","21 Maret 2021","Diberi rating 5 bintang dari 5 bintang","Buat saya aplikasi ini sangat membantu.anak anak dan keluarga sehat semua tanpa harus berangkat ke klinik secara langsung..terima kasih halodoc😇"
"Hanif Fajar 26 Maret 2021 	","Hanif Fajar","26 Maret 2021","Diberi rating 5 bintang dari 5 bintang","aplikasi ini sangat membantu tp sayang tidak bisa bayar pake ovvo😊"
"Herlina Sahip 5 Maret 2021 	","Herlina Sahip","5 Maret 2021","Diberi rating 5 bintang dari 5 bintang","Halo dokter. Satu kamar kami terpisahkan. Dipakai untuk isolasi mandiri. Karena satu anggota keluar ga kami kena covid 19. Sudah sembuh sekarang kamar itu mau disterilkan. Berapa hari setelah dipakai boleh masuk kamar tersebutlah"
"Ratu Aini 1 April 2021 	","Ratu Aini","1 April 2021","Diberi rating 5 bintang dari 5 bintang","Sangat membantu untuk konsultas dll semoga saya cocok dgn obatnya aamiin"
"Sachi Kayana 10 Februari 2021 	","Sachi Kayana","10 Februari 2021","Diberi rating 5 bintang dari 5 bintang","Sangat sangat membantu sekali kususnya konsultasi yg tidak mengharuskan kita datang ke RS saat kita butuh bantuan atas sakit yg dialami kita atau keluarga,trima kasih halodoc"
"Kaleb Herino 22 Maret 2021 	","Kaleb Herino","22 Maret 2021","Diberi rating 1 bintang dari 5 bintang","Entah aplikasi nya atau pihak ketiga (apotek) nya nihh...di olshop sedia barang kondisi ED >2th, laaah ini beli langsung ke apotek via halodoc n gojek dikasih obat ED <6bulan..."
"Sevania D.A 2 April 2021 	","Sevania D.A","2 April 2021","Diberi rating 5 bintang dari 5 bintang","Sangat membantu apk ini , terimakasih untuk para dokter"
"Jeffrey Chandra 30 Januari 2021 	","Jeffrey Chandra","30 Januari 2021","Diberi rating 5 bintang dari 5 bintang","Sangat bermanfaat menggunakan chat sama dokter terkait via halodoc ini, bisa segera dapat info dan nasehat yg. berguna dan membantu utk. terus kan langkah2 berikut."
"Dini NA 9 Maret 2021 	","Dini NA","9 Maret 2021","Diberi rating 5 bintang dari 5 bintang","Aplikasi ini sangat membantu ditengah pandemi covid19 ini, kita gk perlu keluar rumah tinggal memggunakan aplikasi ini. Thanks halodoc, tingkatkan terus kualitasnya ya."
"Dwi Setyaningsih 28 Maret 2021 	","Dwi Setyaningsih","28 Maret 2021","Diberi rating 5 bintang dari 5 bintang","Alhamdulillah.. sangat membantu kami yang sedang isoman"
"Cucu Ridwan 31 Januari 2021 	","Cucu Ridwan","31 Januari 2021","Diberi rating 5 bintang dari 5 bintang","Alhamdulillah ada aplikasi ini..memudahkan saat sakit dan butuh obat tanpa keluar rumah disaat wabah covid ...terima kasih banyak halodoc..."
"Nia Priyana 23 Maret 2021 	","Nia Priyana","23 Maret 2021","Diberi rating 5 bintang dari 5 bintang","Senang deh, adanya aplikasi kayak gini bisa mempermudah untuk tetap sehat, karena bisa konsultasi online disaat kondisi lg pandemi gini"
"mentari indah saputri 27 Januari 2021 	","mentari indah saputri","27 Januari 2021","Diberi rating 1 bintang dari 5 bintang","Error loading message terus .. mau masuk gopay juga gagal mulu .. tak kira internet ku ternyata aplikasinya.. aku buka aplikasi lainnya aman aman aja.."
"Wahyu Kurniawan 6 April 2021 	","Wahyu Kurniawan","6 April 2021","Diberi rating 5 bintang dari 5 bintang","Selalu ingin berpartisipasi dalam penanggulangan covid 19"
"watch kingdom indonesia 3 Februari 2021 	","watch kingdom indonesia","3 Februari 2021","Diberi rating 5 bintang dari 5 bintang","Dr specialis kulit Regitta sngat ramah, sarannya bgus. Resepnya manjur , Stiap pertanyaan di jawab dengan jelas, sbar ,balas chat tidak singkat2, dan tidak tergesa2, prnah konsul di DR special kulit lain maaf ada yg jawabnya singkat2, dan tidak di kasih penjelasan.yg detail, pkoknya DR regitta recomended banget. Trimakasi"
"Hafiz m 16 Maret 2021 	","Hafiz m","16 Maret 2021","Diberi rating 4 bintang dari 5 bintang","maaf mau tanya,,, untuk rapid antigen yg di Kemayoran,,untuk metode pembayaran bisa pake ATM BRI ngga?TRIms"
"komar udin 30 Maret 2021 	","komar udin","30 Maret 2021","Diberi rating 5 bintang dari 5 bintang","Semoga anak saya cocok dengan obat yg dokter anak resepkan"
"Dessy Syani 8 Maret 2021 	","Dessy Syani","8 Maret 2021","Diberi rating 5 bintang dari 5 bintang","Sangat beruntung punya aplikasi Halodoc, krna gak perlu antri2 lagi di RS atau klinik. Dan obat2 nya juga yg di rekomendasikan bener2 manjur."
"PN official Channel 27 Januari 2021 	","PN official Channel","27 Januari 2021","Diberi rating 5 bintang dari 5 bintang","Halodoc , terimakasih ya atas artikel di google , berkat halodoc bisul di telinga saya jadi kempes dan normal sprti awal , terimakasih halodoc semoga kedepannya lebih baik dari sebelumnya"
"SHEZA MAYSOON 17 Maret 2021 	","SHEZA MAYSOON","17 Maret 2021","Diberi rating 5 bintang dari 5 bintang","Sangat membantu dan bermanfaat disaat pandemi seperti ini. Obat yang dianjurkan sangat baik dan cepat menyembuhkan sesuai penyakit. Tepat sasaran. Terima kasih"
"Mas_Arif80 7 April 2021 	","Mas_Arif80","7 April 2021","Diberi rating 3 bintang dari 5 bintang","Sudah vaksin tapi belum keluar sertifikat vaksinnya kenapa ya min"
"Maz Byantoro 1 Februari 2021 	","Maz Byantoro","1 Februari 2021","Diberi rating 5 bintang dari 5 bintang","Konsultasi dgn dokterya ramah, informatif dan komunikatif. Chat jam 02.00 dinihari pun ada yg menjawab. Apps yg sangat membantu.."
"Wenny Andiani 29 Januari 2021 	","Wenny Andiani","29 Januari 2021","Diberi rating 1 bintang dari 5 bintang","Maaf saya kasih bintang 1 karna sudah berkali-kali saya coba utk transaksi (menyambungkan via gojek dan kartu debit) tp selalu gagal. Dan saya tidak tau bagaimana solusinya"
"Lucky Person 8 Maret 2021 	","Lucky Person","8 Maret 2021","Diberi rating 5 bintang dari 5 bintang","Waw. Dokter nya ramah. Diskusi enak n lancar...salut. ngak sangka bagus sekali. Ngak sampai 2 jam obat sudah ditangan......"
"irwan djtmk 6 Februari 2021 	","irwan djtmk","6 Februari 2021","Diberi rating 5 bintang dari 5 bintang","Saat bingung menghadapi penyakit, aplikasi ini salah satu aplikasi yang dapat membantu mendapatkan solusi ataupun jawaban serta langkah yang harus dilakukan."
"Adelaide Th. M. PolkesJasa 5 Februari 2021 	","Adelaide Th. M. PolkesJasa","5 Februari 2021","Diberi rating 5 bintang dari 5 bintang","Dokter²nya sangat responsif dan sangat jelas menerangkan pertanyaan² dari keluhan yg disampaikan. Juga memberikan saran² utk kebaikan pasien. Trimakasih halodoc 😍😚"
"Luminta Motor 30 Maret 2021 	","Luminta Motor","30 Maret 2021","Diberi rating 5 bintang dari 5 bintang","Sangat membantu dengan cepat kebutuhan obat obatan dan konsultasi kesehatan"
"Lestari Hastuti 5 April 2021 	","Lestari Hastuti","5 April 2021","Diberi rating 5 bintang dari 5 bintang","Selamat pagi sertifikat tidak bisa dibuka pada vaksin 1"
"M RS 29 Maret 2021 	","M RS","29 Maret 2021","Diberi rating 5 bintang dari 5 bintang","Sangat membantu sekali ya Di tengah pandemi seperti ini"
"Bapaknya janda 6 April 2021 	","Bapaknya janda","6 April 2021","Diberi rating 3 bintang dari 5 bintang","Baru minta chat ga d bls sm dokternya eh saldo tetap di kurang in.. Dodol. Emang"
"Tom G 13 Maret 2021 	","Tom G","13 Maret 2021","Diberi rating 4 bintang dari 5 bintang","Semua berbayar ga ada yg gratis, sy cuma mau nanya obat batuk pilek yg terbaik yg dijual di warung, karna nggak paham perbedaan masing"" obat Tp lumayan lah app nya bisa liat dokter yg cantik dengan pengalamannya dan tau dia lulusan mana 😁 Saya rasa bintang 4 sudah sangat pas untuk app ini"
"Juvenus Matahari 13 Maret 2021 	","Juvenus Matahari","13 Maret 2021","Diberi rating 5 bintang dari 5 bintang","Ngapain harus ngantri ke klinik atau rumah sakit atau ke dokter, mending Halodoc aja. Tinggal klik konsultasi keluhan, tunggu obat, beres... Halodoc, keren, terimakasih kasih, Halodoc"
"Fitri Hasanah 2 Februari 2021 	","Fitri Hasanah","2 Februari 2021","Diberi rating 4 bintang dari 5 bintang","Bagus tpi saat kita pesan tdk klik nama apotik, di ksh nya jarak yg jauh ksian grab/gojek nya yg anterin, lain kali bisa di lihat dri mana apotik berasal."
"achmad kailani 22 Februari 2021 	","achmad kailani","22 Februari 2021","Diberi rating 5 bintang dari 5 bintang","Ini baru pertama kali menggunakan aplikasi halodoc, terutama saat konsultasi dengan dokter. sangat bermanfaat sekali saat kondisi seperti ini, tapi harus benar2 menjelaskan keluhannya agar tidak salah diagnosa."
"Daniek K Tyas 1 Februari 2021 	","Daniek K Tyas","1 Februari 2021","Diberi rating 5 bintang dari 5 bintang","Baru download app langsung suka sama menunya, apa lagi bisa chat langsung dg Dr. Yang kita mau.. Fast respon pula. Thanks Halodoc"
"derira fanela 27 Februari 2021 	","derira fanela","27 Februari 2021","Diberi rating 5 bintang dari 5 bintang","Terima kasih hallo doc...di saat pandemi paling aman kesini...saya selalu konsul dengan dokter senior yang sudah menjadi langganan kami selama 1 tahun ini...terima kasih banyak"
"Azzahra Adjeng 28 Maret 2021 	","Azzahra Adjeng","28 Maret 2021","Diberi rating 5 bintang dari 5 bintang","Terimakasih halodoc saya komplain dan cs nya cepat menanggapi 🙏"
"naycilla cilla 14 Maret 2021 	","naycilla cilla","14 Maret 2021","Diberi rating 5 bintang dari 5 bintang","Sangat membantu saat kondisi seperti ini tanpa hrs dtng k rumah sakit pasien aman sehat t jaga.terima kasih hallo doc pertahankan respon cepat dengan dokter"
"Rani Arkan 22 Maret 2021 	","Rani Arkan","22 Maret 2021","Diberi rating 1 bintang dari 5 bintang","Mau konsultasi aja harus pake bayar segala,kalo kaya gitu mending langsung ke RS aja,bisa langsung di kasih obatnya,bukanya membantu inimah"
"Kaka Im 7 April 2021 	","Kaka Im","7 April 2021","Diberi rating 1 bintang dari 5 bintang","Aplikasinya gak jalan.gak merespon. Menyebalkan."
"Dhita Novilia 2 April 2021 	","Dhita Novilia","2 April 2021","Diberi rating 5 bintang dari 5 bintang","sangat terbantu di masa pandemi gini buat yg masi parno ke rs"
"Atikah Wati 7 April 2021 	","Atikah Wati","7 April 2021","Diberi rating 5 bintang dari 5 bintang","bagus banget aplikasi nya dan respon dokternya pun baik"
"Novia Fakhrie 7 April 2021 	","Novia Fakhrie","7 April 2021","Diberi rating 5 bintang dari 5 bintang","Sangat membantu,cepat praktis. Sanngat memuaskan"
"Ayu Agni 12 Februari 2021 	","Ayu Agni","12 Februari 2021","Diberi rating 5 bintang dari 5 bintang","Thanks Halodoc.. Bener-bener ngebantu disaat urgent seperti long weekend sekarang Thanks buat dokter yang stand by walaupun weekend, chat nya juga asik dan ramah, info yang diberikan juga akurat banget"
"Mega Bekti Suryana 21 Maret 2021 	","Mega Bekti Suryana","21 Maret 2021","Diberi rating 5 bintang dari 5 bintang","Terimakasih dengan adanya app halodoc saya lebih mudah konsul dengan dokter. Semoga sakit yang ada pada diri saya, segera sembuh. Amin"
"Shinta Ocean 13 Maret 2021 	","Shinta Ocean","13 Maret 2021","Diberi rating 5 bintang dari 5 bintang","Bisa membantu waktu saya sakit maag di kosan dan tidak bisa berjalan ke apotik lalu saya pesan via halodoc by gojek. Puji Tuhan langsung saya minum obat nya dan sembuh. Untung ada halodoc 😍🤗"
"Amanandya rizki 7 Februari 2021 	","Amanandya rizki","7 Februari 2021","Diberi rating 5 bintang dari 5 bintang","terimakasih banyak, melayani 24jam dan konsultasi nya bagus ramah2 dokternya.. pagi2 subuh konsul jg ada dokternya uhuhu makasiiih beneran, konsul nya jg murah krn ada diskon voucher, semoga pelayanannya selalu meningkat yaa"
