review,sentiment
"membantu,kondisi,pandemi,tolong,evaluasi,ketersedian,obat,apotek,rekanan,kota,manado,resep,obat,batuk,apotek,suka,habis,sia,sia,konsultasi,dokter,ujung,ujungnya,obat,resep,apotek,rugi,chat,mahal,biaya,masukan,baik,pakai,fitur,chat,us,pelayanan,pelayanan,mengubah,produk,obat,menyarankan,konsultasi,dokterjelek",0
"konsultasi,dokter,bagus,durasinya,cepat,dokternya,dokternya,chatinganya,bantu,terimakasih",1
"astaga,obatnya,beli,obat,harganya,masuk,akal,lipat,ulang,chat,bantuan,coba,pembayaran,resep,bank,berbeda,obatnya,gagal,solusi,penyelesain,berulang,gagal,harga,obat,masuk,akal,semoga,baik,banding,pesaing",0
"terima,kasih,pelayananya,baik,cepat,pengirimanya,bantu,nambahkan,pelayanan,pengiriman,obatnya,baik,thanks",1
"menelepon,nomor,hadiah,konfirmasi,aplikasi,mengadakan,hadiah,email,nomor,telepon,genggam",0
"sumpah,alternatif,miris,uang,sakit,dirasa,hemat,pakai,aplikasi,bagus,pekerjaan,cocok,anak,kosan",1
"konfirmasi,pelayanan,berguna,selesai,komunikasi,ulang,di,mana,kasih,bukti,screnshotnya,ampun,ampun,munculin,aplikasi",0
"membantu,darurat,rumah,anak,tetiba,anak,sakit,obat,habis,pesan,harga,obat,enaknya,cari,murah,terima,kasih",1
"suka,suka,aplikasi,berbeda,aplikasi,sebelah,penjelasan,rekomendasi,obat,dokter,kesel,konsultasi,dokter,melewatkanya,ganti,dokter,saldo,berkurang,dikembalikan,mohon,perhatikan,dokter,sibuk,aktifitasnya,menyalakan,konsultasi,pengguna,keadan,darurat",1
"membantu,konsultasi,whatsapp,pandemi,chat,respon,plus,perihal,membantu,terima,kasih",1
"telepon,mengatas,nama,aneh,penelpon,email,bilang,uang,juta,rupiah,aplikasi,memprivasi,email,mengambil,keuntungan,menipu,tolong,privasi,perketat",0
"keren,cepat,bagus,membantu,rumah,cek,kesehatan,aman,dimasa,pandemi,covid",1
"membantu,jam,anak,sakit,konsultasi,dokter,terima,kasih,adi,suryadinata,membantu",1
"membantu,mempermudah,mencari,obat,obatan,respon,cepat,pesan,terima,kasih",1
"pulang,hapus,aplikasi,kecewa,profesional,di,bagian,chat,customer,terima,kasih",0
"konsultasi,pembayaran,pakai,gagal,keteranganya,dana,dikembalikan,konsultasi,coba,malas,tolong,sistem,pembayaran,diperbaiki",0
"membantu,pergi,rumah,sakit,antrian,dekat,sekali,aplikasi,membantu,praktis,takut,langsung,konsultasi,dokternya,dikasi,resep,makasi",1
"ralat,kembalikan,bayar,aplikasi,membantu",0
"jujur,puas,nasihat,nasihat,penjelasan,dokternya,disayangkan,konsultasi,aplikasi,menit,otomatis,berhenti",0
"membantu,obat,dicari,dibeberapa,apotek,kosong,aplikasi,lengkap,pemakaian,aplikasi,mudah,thanks",1
"aplikasi,membantu,kesehatan,produk,kesehatan,aplikasi,konsultasi,penyakit,beli,obat,obatan,produk,kesehatan,lainya,aplikasi,memilih,langsung,konek,akun,gojek,terima,kasih,pelayanan,sukses,bagus",1
"tolong,evaluasi,respon,email,chat,transaksi,beli,gopay,kurir,mengantar,kecewa,pengembalian,dana",0
"aplikasinya,bagus,Cuma,saran,adakan,opsi,pembayaran,gerai,kaya,alfamart,indomart,membantu,remaja,orang,orang,gapunya,gopay,debit",1
"bagus,aplikasi,ketemu,kurangnya,di,mana,bagus,respon,dokternya,cepat,bagus,pertahankan,membantu,bagus",1
"aplikasi,nomor,sulit,membantu,keliling,apotek,obat,obat,jarang,tersedia,diapotik,konsultasi,dokter,mudah,pelayananya,ramah",1
"membantu,aplikas,khawatir,mendadak,malam,butuh,obat,membantu",1
"sangan,membantu,isoman,membeli,obat,mencegah,penularan,virus,orang,bantu",1
"daftar,masukan,email,nomor,telepon,masuk,nunggu",1
"membantu,orang,malas,rumah,nunggu,antre,dokter,bagus,pelayanan,cepat,resep,akurat",1
"coba,membantu,pandemi,covid,rumah,diagnosis,beli,obat",1
"memudahkan,antre,rumah,sakit,konsultasi,aplikasi,obat,diantar,rumah,membantu",1
"bagus,membantu,pandemi,bantu,dokter,spesialisnya,juara,juara,semoga,pertahankan,bagus,bantu",1
"admin,suntik,vaksin,dosis,tanggal,tanggal,teman,sms,suntik,vaksin,dosis,admin,mohon,pencerahanya",1
"konsultasi,antisipasi,rumah,membantu,terima,kasih,menyediakan,aplikasi",1
"terbantu,aplikasi,kemarin,cari,resep,dokter,putar,putar,apotek,terdekat,ketemu,aplikasi,terbantu,capek,capek,putar,putar",1
"umur,uang,konsultasi,dokter,konsultasi,bayar,solosi,it,tolong",0
"aplikasinya,bagus,chat,psikiatris,mudah,daring,dokternya,ramah,menghakimi,mengerti,keadan,terima,kasih",1
"terima,kasih,bermanfaat,aplikasi,konsultasi,dokter,mudah",1
"bagus,vaksin,kendala,efek,samping,timbul,ngantuk,divaksin",1
"kecepatan,pengiriman,kilat,harga,obat,obatan,berbeda,apotek,langsung,bangga",1
"aplikasinya,jelek,pesan,apotek,obatny,suruh,dibatalkan,cancelnya,bermasalah,telepon,pelayanan,batalin,jam,batalinya,batal,saldo,kerja",0
"bagus,konsultasi,dokter,rumah,sakit,khawatir,kena,covid,murah,harganya,konsultasi",1
"pelayanan,cepat,aneh,pembayaran,memakai,kartu,kredit,kartu,tersedia,available",0
"aplikasi,lambat,coba,uninstal,aplikasi,telepon,genggam,aplikasi,berat,telepon,genggam,jalan,gabagus",0
"dokternya,hebat,hebat,jelas,fokus,keluhan,derita,terima,kasih",1
"efektif,murah,bagus",1
"bagus,aplikasi,membantu,dokter,dokternya,bagus,layanan,kesehatan,beragam",1
"respon,keluhan,tim,pelayanan,respon,ulasan,memperbarui,respon,tim,pelayanan,cepat",1
"membantu,konsultasi,dokter,langsung,repot,rumah,sakit,faskes,terima,kasih",1
"menelpon,agen,nomor,rekening",0
"bintang,kode,voucher,vaksinasi,kasih,bintang",0
"bagus,dokternya,responsif,lumayan,bagus,diajak,diskusinya,logis,analisis,gugup,gugup,dokter,ketemu,senang",1
"bagus,antre,sakit,chat,langsung,dibalas,obat,diantar,terima,kasih,bantu",1
"puas,konsultasi,pandemi,dokter,ramah",1
"memuaskan,balas,cepat,pilihan,dokternya,meresepkan,obat,mahal,semoga,cocok",1
"selamat,sore,admin,aplikasi,kerjasama,medicilin,mohon,admin,terima,kasih",0
"membantu,darurat,langsung,tindakan,dokternya,ramah,terima,kasih",1
"konsultasi,putri,farisa,konsultasi,selesai,resep,obat,terima,kasih",1
"suka,menu,konsultasi,dokternya,memudahkan,mencari,informasi,kesehatan,tubuh",1
"aplikasi,membantubantudokternya,ramah,ramah,profesional,sukses",1
"membantu,posisi,di,luar,kota,kondisi,badan,fit,susah,cari,dokter,butuh,obat,sesuai,dosis,terbantu,aplikasi,terimakasih,bagus",1
"membantu,terbantu,dokter,konsultasi",1
"coba,gomed,cepat,respon,pengiriman,tingkatkan",1
"bagus,konsultasi,psikologi,baik",1
"dokternya,bagus,penjelasanya,detail,saran,saranya,obat,resep,bagus",1
"pelayananya,baik,konsultasi,bagus,puas,terima,kasih,dokter,iman,terima,kasih",1
"membantu,aplikasi,lelah,rumah,dibantu,aplikasi,bagus",1
"tangapan,lambat,mengetik,keluhan,sokternya,chat,masuk,pakai,pangilan,suara,suaranya,perbaiki,pemakaian,berbayar,gratis",0
"cangih,berobat,di,mana,keren,cobain,gratis,bayar",1
"kendala,boking,tes,swab,antigen,kliniknya,tutup,operasial,di,mana,boking,tes,swab,antigen,tim,cepat,responya,menelpon,konfirmasi,pengembalian,dana,masukanya,kordinasi,klinik,rumah,sakit,rekanan,ditingkatkan,sisanya,bagus,terima,kasih",1
"pakai,langsung,merasakan,puasnya,semoga,layananya,konsisten,prima,menambah,kepercayanya,thanks",1
"pelayanan,pembayaran,mengunanakan,debit,kartu,kendala,opsi,pembayaran",1
"dengar,aplikasi,bagus,instal,masuk,apknya,ngerespon",0
"lumayan,lengkap,pelayanan,cepat,aplikasinya,mudah,membantu",1
"terima,kasih,kasih,silfia,mandasari,respon,cepat,arahan,resep,bantubagus",1
"bagus,baik,respon,cepat,akurat,sukses",1
"kemudahan,rumah,sakit,obati",1
"pelayanan,dokternya,ramah,baik,cepat,balasnya,terkesan",1
"terbantu,situasi,dan,kondisi,sukses,bagus",1
"pesan,obat,dibayar,dibatalkan,bayar,obatnya,ratusan,ribu",0
"pengembalian,dana,uangnya,telepon,customer,servicenya",0
"konsultasi,baik,bagus,konsultasi,servicenya,parah,respon,chat,luama,wktu,menit,habis,menyarankan,klinik,langsung,curahan,hati,kucing,konsultasi,mencari,solusi,kucing,aneh,aneh,bahasanya,sopan,mangil,saudara,tolong,seleksi,rekrut,dokter,jelek,pelayanan,jelek",0
"pelayanan,mengalami,kendala,menelpon,chat,tim,tolong",1
"selesai,pembayaran,sukses,terpotong,saldo,dokternya,sibuk,pengembalian,dana,butuh,terhitung,masuk,konfirmasi,bank,terkait,aduh,otomatis,dana,dikembalikan,masuk,rekening,konfirmasi,bank,sulit,tolong,permudah,pengembalian,dana,orang,rumahnya,bankbantu",0
"sederhana,aplikasi,kebutuhan,medis,pesanya,mudah,sampainya,cepat",1
"kecewa,daftar,vaksin,lanjut,usia,ditolak,alasan,mesti,pakai,ktp,suket,domisili,vaksinasi,suket,domisili,namanya,vaksin,gratis,warga,negara,indonesia,semoga,ulasan,dihapus,admin",0
"terima,kasih,gojek,vaksinasi,prambanan,bagus,pelayananya,menyuntik",1
"profesional,terbantu",1
"bagus,konsultasi,dokter,tatap,muka",1
"konsultasi,puas,dokter,membantu,bantu",1
"bermanfaat,cepat,respon,jempolan",1
"membantu,konsultasi,informasi,terkait,kesehatan",1
"dokter,anaknya,cepat,respon,aplikasinya,membantu,kondisi",1
"aplikasi,membantu,darurat,terimakasih,ditungu,promo,menarik",1
"bagus,memudahkan,konsultasi,dokter,spesialis",1
"aplikasi,dokter,keluarga,sahabat,dijangkau,berjarak,aplikasi,sakit,pencuri,panik,pastikan,saldo,gopay,sederhana,hub,dokter,infokan,keluhanya,dibantu,obati,menunggu,obat,dikirim,instant,beli,gojek,sunguh,terobosan,bermanfaat,era,pandemi,berjarak,mendekat,dokter,sukses,bagus",1
"dokter,ngelewatin,chat,gitu,terima,ajuan,saldo,diambil,uang,diambil,konsultasi,tolong,customer,servicenya,keluhan,rugi,jelas,mengecewakan",0
"kemarin,tepatnya,kamis,tanggal,maret,jam,wita,telepon,mengatasnamakan,call,servis,dokter,menginfokan,fitur,menyuruh,aktivasi,biaya,paket,bulanan,rp,auto,debit,bank,infokan,email,aktif,terdaftar,percaya,menyetujuinya,informasi,email,email,dana,terpotong",0
"membantu,konsultasi,rumah,kondisi,covid",1
"parah,vaksin,lanjut,usia,dosis,parah,nunggu,jam,antre,heranya,vaksin,lancar,habis,jelas,buruk,kasian,orgtua,vaksin,lebih,baik,aplikasi,sebelah",0
"dokternya,luamayan,berpengalaman,fitur,fiturnya,membantu",1
"terimakasih,bagus,panik,keluhan,bantu",1
"instal,daftarin,vaksin,lanjut,usia,tangalnya,bertuliskan,slot,tersedia,isi,data,upload,ktp,giliran,submit,penuh,tulisnya,auto,recheck,tersedia,slotnya,resubmit,penuh,jelas,perbaiki",0
"membantu,pembelian,obat,kota",1
"membantu,memudahkan,pasien,keluarga,pelayanan,kesehatan",1
"konsultasi,memuaskan,direkomendasikan,rumah,mengurangi,mobilitas,semoga,dokter,dokter,sehat,membantu,melayani,keluhan,pasien,membutuhkan,direkomendasikan",1
"kasih,bintang,semoga,aplikasi,pelayanan,baik",1
"membantu,dokternya,bagus,cepat,responya",1
"puas,pelayanan,dilapangan,terkait,vaksin,terima,lancar,cepat,petugasnya,ramah,sabar,penuh,perhatian,terima,kasih,salam,sehat,bantu",1
"tolong,kasih,chat,dokter,ny,ny,pembayaran,ny",1
"konsultasi,dokter,menghemat,thanks",1
"terbaik,situasi,apapun,jam,konsultasi",1
"menyenangkan,langsung,konsultasi,dokter,rumah",1
"janji,sesuai,jadwal,tersedia,lab,prodia,mega,galaxy,sby,maret,jam,pagi,prodia,tutup,heranya,jadwal,tersedia,aplikasi,orang,kecele,chat,bantuan,lambat,respon,jam,solusi,sms,membatalkanatau,mereschedul,coba,aplikasi,aplikasi,pembatalan,berlaku,jam,jadwal,konsultasi,reshedule,jam,jadwal,konsultasi,ampun,ampun",0
"semoga,membantu,pasien,konsultasi,rumah,terima,kasih",1
"pesan,obat,pelayanan,cepat,respon,langsung,dikirim,darurat",1
"suka,aplikasi,membantu,pelayananya,bagus,case,kirim,barang,kekuranganya,langsung,kirim,kesokan,harinya,sukses,ditingkatkan,pelayananya",1
"menolong,pertolongan,kucing,membantu,bagus",1
"dokter,ramah,baik,melayani,bijaksna,terima,kasih",1
"terima,kasih,vaksin,covid,efek,signifikan",1
"bagus,membantu,urusan,kesehatan,jam",1
"bagus,dipakai,aplikasinya,cari,obat,harga,terjangkau",1
"keren,cepat,respon,konsultasi,dokter,kandungan",1
"kasih,bintang,kasih,aplikasi,terbaik,pembelian,kebutuhan,medis,darurat,rumah,bagus,masukanya,semoga,apotek,aplikasi,jarak,ambil,obatnya,bagus",1
"puas,konsultasi,dokter,papua,susah,nebus,obat,nunjukin,chat,obatnya,untung,tanda,tangan",1
"niat,instal,aplikasi,pgnya,mempermudah,beli,obat,kondisi,sakit,kos,beli,estimasi,nyampenya,aplikasi,cocok,kondisi,darurat,beli,obat,orang,sakit,parah,terlanjur,wasalam,obatnya,mengedit,ulasan,aplikasi,diperbaiki,sistemnya",0
"selamat,siang,salam,telepon,mengatas,namakan,biaya,klaim,pengaktifan,biaya,bulanan,menyebut,nomor,rek,sistem,pemotongan,ribu,mohon,konfirmasi,takutnya,saldo,tepotong,bulanya,terima,kasih",0
"membantu,pandemi,terimakasih",1
"konsultasi,dokternya,nyaman,keluhan,foto,langsung,area,sakitnya,dokter,detail,semoga,resepnya,cocok,mengatasi,keluhan,terima,kasih,dokter",1
"praktis,bagus,dokternya,keluhan,terima,kasih",1
"terima,kasih,aplikasi,terpercaya,chat,langsung,bagus",1
"coba,kaji,vaksin,mitra,ojol,sejatinya,mitra,pakai,aplikasi,ojol,mencari,rezeki,gojek,grab,indriver,maxim,aplikasi,wajib,vaksin,mitranya,repot,batalin,kerja,vaksin,biar,mitra,vaksin,aparatur,pemerintah",0
"dokter,anak,bayi,berusia,anak,rawat,rumah,sakit,hasil,rongsen,mengidap,penyakit,radang,paru,tolong,dokter,anak,sembuh,total,penyakit,terimakasih,bantu",1
"respon,baik,dokternya,terima,kasih",1
"aplikasi,berguna,terima,kasih,mengadakan,kegiatan,vaksin,serentak,prambanan,sleman,terima,kasih,pemerintahan,diy,yogyakarta,sponsor,kegiatan,semoga,pembuatan,kegiatan,pahala,berlimpah,tuhan,maha,esa,terima,kasih,terbaik,regard,beny",1
"posisi,pengambilan,obat,rumah,menunggu",0
"janji,buka,jam,dokternya,balas,balas,apsnya,dibatalkan,tulisanya,aplikasi,daring,mengecewakan,unduh,butuh,berguna,donasikan,menu,donasi,pilihan,pembayaran,saldo,menunjukan,pelayananya,sebanding,aplikasi,sebelah",0
"klg,periksa,pacar,hasilnya,periksa,tanggal,maret,jam,drive,thru,kemayoran,tanggal,maret,jam,hslnya,butuh,hslnya,cepat,pelayanan,pemeriksan,covid,dihalo,menurun,periksa,gratis",0
"pengalaman,bagus,konsultasi,dokter,pilihan",1
"mohon,maaf,kasih,bintang,jelek,pelayananya,pesan,vitamin,tangal,estimasi,tangal,proses,tolong,pelayanan,telepon,chat,cek,cek,cek,pembatalan,pesanan,beli,pasar,saldo,tarik,rekening,tolong,tingkatkan,pelayananya,tolong,kirim,pesanan",0
"membantu,terima,kasih,dokter,ny,aplikasi,ny,bantu",1
"memudahkan,konsultasi,dokter,bertemu,langsung",1
"konsultasi,keluhan,mudah,sulit,antre,rumah,sakit",1
"dokter,gratis",0
"tertolong,aplikasi,zaman,covid,takut,rumah,sakit,konsultasi,hewan,peliharan,konsultasi,gigi,pokoknya,tertolong,terima,kasih",1
"penjelasan,dokter,lengkap,ramah,terima,kasih",1
"terbaik,diandalkan,suka",1
"malam,malam,sakit,binggung,ke,mana,keluhan,obat,langsung,diantar,kendala,pengiriman,kadang,driver,kontak,langsung,teleponya",1
"jelas,daring,pilihan,aman",1
"membantu,transaksi,biaya,permudah",1
"percakapan,dokter,jelas,arahanya,bagus",1
"vaksin,tanggal,maret,daftar,vaksin,kode,kupon,dikirim,urusnya,terima,kasih",1
"membantu,konsultasi,langsung,dokter",1
"bagus,dokter,susah,mahal,bagus",1
"bayar,dokternya,sibuk,chat,ulang,digubris,nyapa,bilang,dokternya,sibuk,gopay,kepotong,pengembalian,dana,mohon,pertimbangkan,dokter,gubris,baik,dilaporkan,sibuk,sedang,apa,coba,berani,daftar,risiko,nerima,permintan,konsultasi,pasien,manapun,diemin,membingungkan,pengembalian,dana,fleksibel,jam,respon,sesi,berbayar,hak,pasien,makan,gaji,buta,chat,diam,diam,baik",0
"tangal,maret,saldo,anjungan,tunai,mandiri,ambil,program,adakan,kemarin,telepon,mengatasnamakan,pelayanan,rugikan,berhenti,berhenti,langgan",0
"transaksi,gagal,saldo,kepotong,diliat,riwayat,transaksinya",0
"layanan,proses,cepat,catatan,pasien,status,gejala,covid,dokter,kasih,himbauan,mengasih,pil,tidur,sesuai,dosis,perlukan,orsng,sakit,butuh,istirahat",0
"beli,obat,layanan,dokter,bagus,ganguan,ganti,nomor,nomor,ganti,pakai,email,riwayat,transaksi,hilang,aplikasi",1
"senang,aplikasi,cepat,respon,obat,langsung,diantar,resep,pelayanan,jam,dokter,baik,informatif,terima,kasih",1
"pembayaranya,diperluas,gopay,bca,mandiri,debit,maksudnya,ragu,cobain,apknya,dokter,langsung,pandemi,pembayaranya,di,mana,indomaret,alfamart,dan,sebagainya,kota,akses,mudah,desa,susah,intinya,ditingkatkan,mohon",0
"membantu,lanjut,usia,biaya,kesehatanya,terbatas",1
"konsultasi,dokter,line,memudahkan,pilihan,dokter,kisaran,biaya,disesuaikan,terima,kasih",1
"aplikasi,membantu,kalangan,luas,terbatas,milenial,konsultasi,tipis,tipis,saran,muculkan,saldo,profile,pemilik,akun,permudah,mengisi,saldo,berbagi,bank,aplikasi,bayar,bayar,lainya",1
"membantu,pandemi",1
"bermanfaat,orang,membutuhkan,bantuan,cepat",1
"cangih,langsung,konsultasi,dokter,ahlinya,rumah,sakit,respon,cepat,dokter,membantu,membutuhkan,pelayanan,kesehatan",1
"janji,rapid,tutup",0
"aplikasi,ambil,antrian,daring,aplikasi,terintegras,hasil,cek,upayakan,laporan,laporan,laporan,laporan,sehat,sulit,expetasi,tujuan,utama,boh,fair,slogan,customer,klinik,bolak,hasil,test,sedang,apa,pakai,daring",0
"semenjak,terbantu,konsultasi,beli,obat,rumah,antre,rumah,sakit,apotek,bagus,diskon,sesi,konsultasi,dokter,makasi,memudahkan,hidup,semoga,promo,sukses,bagus",1
"mengalami,kekesalan,apsnya,mendaftar,vaksinasi,lanjut,usia,berhubung,lanjut,usia,janji,tangal,vaksinasi,dibatalkan",0
"aplikasinya,jelek,aktivasi,lambat,terusan,diklik",0
"puas,bagus,ulasanya,cocok,ramah,cocok,obatnya",1
"terima,kasih,konsultasi,membantu",1
"pelayanan,memudahkan,obat,keliling,apotek,lengkap,solusi,terbaik,kelengkapan,obatnya,terima,kasih",1
"membantu,pesan,obat,sampainya,darurat,butuh,sedih,histori,perjalanan,paket,obatnya,kaya,menunggu,sampenya,memperbarui,terima,kasih,tim,cepat,respon,kejelasan,bantu",1
"bermanfaat,anak,sakit,dimalam,rumah,sakit,chat,dokter,aplikasi,smuanya,beres,pandemi,terima,kasih,bantuanya,dokter,terima,kasih,aplikasi",1
"bagus,cepat,konsultasi,terima,kasih",1
"dokter,kamar,terpisahkan,dipakai,isolasi,mandiri,angota,keluarga,kena,covid,sembuh,kamar,disterilkan,dipakai,masuk,kamar",1
"diperbarui,aplikasi,dibuka",0
"aplikasi,bermanfaat,pembelian,obat",1
"dokter,bagus,informasi,jelas,menolong",1
"senang,berobat,konsultasi,doktet,shanti,tandayu,internist,ramah,jelas,bertele,obat,arahan,bagus,isk,membaik,terima,kasih,bermanfaat,bagus",1
"driver,gojek,kemarin,pesan,vaksin,covid,bawa,orang,lanjut,usia,vaksin,membawa,orang,lanjut,usia",0
"aplikasi,membantu,di,tengah,pandemi,covid,rumah,tingal,aplikasi,terimakasih,tingkatkan,kualitasnya",1
"janji,dokter,vaksin,manula,drive,thru,mudah,terima,kasih",1
"berpartisipasi,penangulangan,covid",1
"membantu,memuaskan,informasi,pelayanan",1
"kasih,bintang,kendala,pembayaran,gopay,penyelesaian,tim,cepat,membantu,terima,kasih,tim,bagus",1
"beruntung,aplikasi,antre,antre,rumah,sakit,klinik,obat,obat,rekomendasikan,manjur",1
"vaksin,sertifikat,vaksinya,admin",0
"aplikasinya,bagus,pelayanan,konsultasinya,cepat,respon,apotiknya,cepat",1
"pemesanan,obat,fitur,chatnya,tolong,dialihkan,fitur,sms,butuh,pulsa,dialihkan,fitur,gojeknya,fitur,chat,aplikasi,konfirmasi,driver,pakai,pulsa",1
"dokter,ramah,diskusi,bagus,lancar,salut,sangka,bagus,jam,obat,ditangan",1
"asli,parah,aplikasi,niat,mempercepat,urusan,rapid,antigen,terkendala,aplikasi,sia,sia,berharap,berharap,berangkat,kerja,parahnya,dana,dikembalikan",0
"aplikasi,konsultasi,dokter,bermanfaat,kondisi,keluhanya,salah,diagnosis",1
"cepat,hemat,efisien,janji,vaksinasi,covid,lanjut,usia,aplikasi,membantu,tingal,janji,vaksinasi,sukses,amanah,bagus",1
"terima,kasih,pandemi,aman,kesini,konsultasi,dokter,senior,langgan,terima,kasih",1
"bagus,kadang,obat,tersedia,apotek,terdekat,pesan,daring,semoga,ke,depan,baik",1
"sumpah,chat,dokter,pakai,bayar,enga,aplikasi,membantu,orang,susah,konsultasi,bayar,kecuali,beli,obat,periksa,bagus,chat,bayar,membantu",0
"bermanfaat,aplikasi",1
"aplikasinya,jalan,respon,menyebalkan",0
"konsultasi,memuaskan,pergi,apotek,ucapkan,terima,kasi,aplikasi,semoga,manfat",1
"bagus,aplikasi,respon,dokternya,baik",1
"terimakasih,membantu,darurat,libur,terimakasih,dokter,stand,beli,libur,chat,asik,ramah,informasi,akurat",1
"informasi,mudah,terjawab",1
"aplikasi,berbayar,aplikasi,bagus,cobain,diliat,download,bagus,download,berbayar,langsung,kecewa,tolong,kembangkan,biar,aplikasi,berbayar,gratis,aplikasi,sebelah,kasih,bintang,fitur,dokter,gratis,kasih,bintang",0
"membantu,apan,jelas,sulit,bayar,sulit,aplikasi,berguna,sumpah,hack,aplikasi,sumpah,janji,rapid,persulit",0
"aplikasi,berguna,efisien,memesan,obat,dimanapun,cari,apotek,menyediakan,obatnya,suka,cinta,aplikasi,kembangkan",1
"membantu,pelayanan,ramah,bagus,dokter",1
"puas,dokter,dokternya,baik,ramah,ramah,diaknosa,obatnya,bagus,cocok,semoga,dokternya,sehat,amin",1
"pengirim,ramah,sesuai,pemesanya,salut,drivernya",1
"membantu,dimasa,pandemi,konsultasi,obat,rumah,serasa,dokter,pribadi",1
"asalamualaikum,maaf,habis,unduh,aplikasi,playstore,buka,aplikasinya,masuk,aplikasi,klik,chat,dokter,lihat,di,situ,pilihan,dokter,chat,konsultasi,kesehatan,konsultasi,kesehatan,dokter,aplikasi,membayar,chat,konsultasi,dokter,chat",0
"solusi,praktis,biaya,murah,dokter,responsif",1
"daring,sesi,petunjuk,konsultasi,beli,teks,telepon,buang,buang,uang,bayar,konsultasi",0
"uang,diterima,status,tes,antigenya,dikonfirmasi,dikonfirmasi,maunya,nerima,uang,layan,customer,responya,lancar,lancar,kecewa,berat",0
"aplikasi,membantu,keluarga,membeli,obat,obatan,vitamin,tes,pacar,pandemi,bagus,pokoknya",1
"aplikasi,bagus,scheduling,dokter,antre,rumah,sakit,Cuma,pelayanan,mengecewakan,hasil,tes,infokan,sms,selesai,hasil,tes,hardcopy,softcopy,ambil,tes,media,chat,pelayanan,responya,lambat,respon,menit,memutuskan,jalur,komunikasi,ulang,respon,lambat,pelayanan,konfirmasi,konfirmasi,terkait,sla,sisi,responsif",0
"dokter,responsif,nyaman,konsultasi,terima,kasih",1
"membantu,sulit,rumah",1
"keren,aplikasi,membantu,darurat,terima,kasih,feny,ramah,konsultasi,resepnya,cocok",1
"iwan,setiawan,ag,salah,driver,gojek,bandar,lampung,konfirmasi,orderan,apotek,jesaya,farma,orderan,pengambilan,obat,harap,menunggu,barang,persiapkan,obat,pemesanan,tersedia,aplikasi,gojek,jalankan,pemesanan,gojek,barang,driver,tingal,bawa,barang,menjalankan,orderan,berdasarkan,konfirmasi,pelangan,apotek",0
"niat,make,aplikasi,cepat,rumah,apoteknya,apotek,bumn,swasta,diskitar,fitur,ngebuat,pembeliatau,driver,milih,apotek,terdekat,pakai,manual,nahan,sakit,posisi,kota",0
"chat,berbayar,lebih,baik,pakai,bagus,google,gratis",0
"aplikasi,membantu,metode,pembayaranya,tambahin,pembesaran,harga,baik,tingkatkan,sukses,terima,kasih",1
"bagus,puas,petugas,ramah,memahami,dibidangnya,kepemilikan,kustomer,layani,ramah,kustomer,merasakan,puas,upgrade,bidang,kedokteran,memperbarui,terbaru,medicine,informasi,virus,corona,virus,lainya,vaksin,umur,servis,drivethru,dimudahkan,pengajuan,sertifikat,hasilnya,harga,terjangkau",1
"terima,kasih,membntu,era,pandemi,sulit,rumah,sakit,konsultasi,diam,rumah,tingal,chat,dokternya,ramah,responsif",1
"membantu,pademi",1
"membantu,konsultasi,kesehatan",0
"selamat,malam,mohon,maaf,berbayar,konsultasi,salah,dokter,aplikasi,terima,kasih",0
"mencari,obat,mudah,pelayananya,cepat",1
"dokternya,sabar,jelas,akurat,baik,terima,kasih,dokter,bosen,ya,dokter,kesehatan,bantu",1
"aplikasi,membantu,anak,anak,keluarga,sehat,berangkat,klinik,langsung,terima,kasih,bagus",1
"uang,pengembalian,dana,juta,pembatalan,pacar,dikirim,tangal,februari,februari,statusnya,proses",0
"membantu,musim,pandemi",1
"bagus,dokternya,ramah,puas,berkeluh,kesah,biaya,murah,di,rumah,memudahkan,diksi,resep,dikasi,penjelasan,detail,bayar,konsulnya,diskon,terima,kasih",1
"aplikasi,membantu,pandemi,dokter,dokternya,bagus,obat,obatan,efektif,diskon,konsultasi",1
"membantu,pandemi",1
"bagus,membantu,keluarga,setahun,bagus,hasiat,obat,obatan,kasih,bagus,bagus",1
"aplikasi,membantu,harga,konsultasi,bersahabat,dokter,ramah",1
"dokternya,ramah,responya,cepat,direkomendasikan,bagus,repot,repot,kerumah,sakit,obatnya,langsung,dikirim,bagus",1
"bagus,membantu,respon,dokter,cepat,rumah,sakit,konsultasi,obat,dikirim,rumah,terima,kasih",1
"membantu,pandemi,rumah,beli,obat,anak,sakit,suruh,bagustrimakasih,aplikasi,membantu,bagus",1
"membantu,konsultasi,kesehatan",1
"pakai,aplikasi,binggung,konsultasi,baik,ramah,jelas,terimakasih",1
"senang,aplikasi,mempermudah,sehat,konsultasi,daring,kondisi,pandemi",1
"baik,kesehatan,konsultasi,dokter,dokternya,ramah,ramah,baik",1
"anjuran,kasih,obat,saran,berguna",1
"terimakasih,mas,amirul,cepat,respon,surat,bagus,pekerjaan,man,bagus,kesulitan,aktifkan,lokasi,login,tolong,dibantu,senoari",1
"bagus,secepat,kilat,penjelasan,detail",1
"ramah,ramah,bagus,responsif,penjelasan,butuhkan",1
"membantu,kondisi,covid",1
"maaf,rapid,antigen,kemayoran,metode,pembayaran,pakai,anjungan,tunai,mandiri,bri,terima,kasih",1
"dokter,ramah,penjelasan,akurat",1
"terimakasih,dokter,semoga,bermanfaat",1
"aplikasi,bagus,murah,terima,kasih",1
"membantu,bermanfaat,pandemi,obat,dianjurkan,baik,cepat,menyembuhkan,sesuai,penyakit,sasaran,terima,kasih",1
"bagus,konsultasi,jam,obat,langsung,jam,aplikasi,membantu,semoga,obat,cocok",1
"dokternya,jelas",1
"pembayaran,ovo,dana",0
"bagus,kasih,informasi,menarik,baik",1
"mantap,murah,konsultasi,dokter,bayar,gopay",1
"membantu,pengalaman",1
"baik,penanganan,suka,panik,diagnose,baik,langsung,ahlinya,teman-teman",1
"pemesanan,pengiriman,obat,cepat,membantu,keadan,mendesak,ayah,obat,jantung,secepatnya,jam,terima,kasih",1
"aplikasi,bagus,membantu",1
"aplikasi,bagus,dokternya,responya,cepat,bagus",1
"pelayanan,baik,hasil,cepat,diterima,customer",1
"chat,dokternya,membantu",1
"praktis,membantu,terima,kasih",1
"w,kirim,mata,m,yun,ukm,j,mi",0
"puas,cepat,tangap,bantu",1
"berbayar,gratis,obat,batuk,pilek,terbaik,dijual,warung,paham,perbedan,obat,lumayan,aplikasi,lihat,dokter,cantik,pengalamanya,lulusan,bintang,aplikasi",1
"terima,kasih,dokter,uji,asiah,m,sc,dokternya,baik,ramah,jelas,penjelasanya,senang,konsultasi,bu,dokter",1
"sedang,apa,mengantri,klinik,rumah,sakit,dokter,lebih,baik,tingal,klik,konsultasi,keluhan,menunggu,obat,beres,keren,terima,kasih,kasih",1
"bintang,pilihan,pembayaran,terbatas,evaluasi,pilihan,pembayaran,linkaja,transfer,rekening,virtual",0
"paket,pertangung,terimakasih,dana,diganti,proses",0
"bintang,coba,masuk,langsung,sinyal,telepon,genggam,mendukung",0
"bagus,konsultasi,langsung,dokter,spesialis,semoga,sukses",1
"konsultasi,memuaskan,lumayan,ramah",1
"penolong,aplikasi,pengguna,mudah",1
"membantu,kondisi,rumah,sakit,pasien,aman,sehat,t,jaga,terima,kasih,pertahankan,respon,cepat,dokter",1
"konsultasi,pakai,bayar,kaya,lebih,baik,langsung,rumah,sakit,langsung,kasih,obatnya,bukanya,membantu",0
"membantu,darurat,membutuhkan,obat,malam,haripun,chat,dokter,spesialis,obatny,cepat,dtangnya,terima,kasih,gosend",1
"kode,voucher,bilang,invalid",0
"proses,mudah,cepat,pemesanan,obat",1
"terima,kasih,aplikasi,mudah,konsultasi,dokter,semoga,sakit,sembuh,amin",1
"membantu,sakit,mag,kosan,berjalan,apotek,pesan,beli,gojek,puji,tuhan,langsung,minum,obat,sembuh,untung,bagus",1
"bagus,bermanfaat,teratas",1
"praktis,dokter,pelayanan,ramah,bagus",1
"praktis,puas,terima,kasih",1
"membantu,pandemi,hamil,puas,respon,baik,ramah,dokter,dokter,senang,terbaik,suka",1
"terima,kasih,apotek,pesan,obat,rutin,suami,semoga,smakin,bagus,depanya,terima,kasih,bagus",1
"membantu,konsultasi,dokter,antre,pembelian,obat,mudah,langsung,diantar,rumah",1
"dokternya,tangap,cepat,respon",1
"call,servis,dokter,menelepon,menawarkan,prodak,unlimited,perbulan,sistem,auto,debit,fasilitas,bebas,chat,dokter,fitur,aplikasi,berubah,tarif,gratis,ulasan,lengkap",0
"dokternya,balasnya,cepat,ramah",1
"barusan,telepon,mengatas,namakan,email,pribadi,data,nmor,rekening,anjungan,tunai,mandiri,bner,mohon,infonya,bner,bong,data,anjungan,tunai,mandiri,membawa,kepihak,ulasan,lengkap",0
"binggung,biaya,penanganan,biaya,ongkos,kirim,gataunya,biaya,penanganan,ongkirnya,tertawa,jatohnya,murah,terimakasih,suka",1
"respon,pelayanan,lambat,keluhan",0
"pesan,obatnya,susah,mencari,driver,pesan,offline,langsung,apotek,kasih,lihat,resepnya",0
"bagus,konsultasi,dokternya,bagus",1
"maaf,download,aplikasi,gejala,sakit,alami,kenakan,biaya,bantu",0
"bagus,terbantu,konsultasi,penyakit,obatnya,terima",1
"bagus,aplikasinya,membantu",1
"terima,kasih,serba,cepat",1
"pagi,pagi,konsultasi,bu,dokter,cantik,diagnosis,baik,resep,terjangkau,bahasa,ramah,terima,kasih,bantu",1
"maaf,mingu,hidung,mencium,bau,coba",1
"rekomendasi,unduh,kesulitan,mencari,membeli,obat,dibutuhkan",1
"membantu,terima,kasih",1
"mag,kambuh,berat,dokter,untung,selesai,konsultasi,daring,resep,langsung,diorder,gojek,terima,kasih",1
"bagus,cepat,pengiriman,semoga,obatnya,manjur,cepat,berkhasiat,secepat,pengiriman,sukses",1
"pelayanan,pengobatan,penyembuhan",1
"balita,usia,beberap,telinga,anak,sebelah,kanan,cairan,bau,anak,terkadang,memukul,telingan,telapak,tangan,kasih,obat,terima,kasih",1
"terima,kasih,aplikasi,malam,sakit,pinggang,salah,rekan,dokter,bernama,feny,membantu,sakit",1
"buatin,dokter,chat,gratis",1
"pandemi,membantu,klik,terhubung,konsultasi,obat,langsung,diantar",1
"suda,pembayaran,chat,pembayaran,berhasil,chat,dokter,sibuk",1
"kesekian,konsultasi,dokter,dokter,konsultasi,nency,binggung,mingu,dokter,dokter,spesialis,libur,praktik,terima,kasih,dokter",1
"membantu,obat,langsung,diantar,gopay,saldo,great,senang",1
"instal,aplikasi,wlopun,tertawa,bagus,lengkap,mudah,instal,coba,konsultasi,gizi,keren,dokternya,asik,terima,kasih,aditya,mulyantari",1
"pesan,obat,status,terkirim,terima,obatnya,telepon,pelayanan,ktnya,diurus,penyelesaian,ktnya,aplikasi,bagus,pelayanan,buruk",0
"hai,cari,swab,antigen,rsatau,klinik,terdekat,reading,crash,mohon,dibantu",0
"membantu,terima,kasih",1
"aplikasi,bagus,dokter,didalamnya,bertangung,bangat,semoga,aplikasi,berkembang,baik,dimasa",1
"bagus,dokter,direkomendasikan",1
"baik,diperbaiki,verifikasi,kode,otp,pembayaran,gopay,berulang,berulang,sukses,terima,kasih",0
"terbantu,pandemi,konsultasi,dokter,obat,dikirim,langsung,apotek,bayarnya,cashles",1
"mudah,repot,repot,antre,antre,rumah,sakit,klinik,klik,konsultasi,kasih,resep,obat,thanks,semoga,dokter,sukses,amin,bagus",1
"membantu,cepat,praktis,memuaskan",1
"log,out,verifikasi,kode,dikirim,sms,error",1
"era,pandemi,dokter,konsultasi,daring,membantu,terima,kasih",1
"perlayan,baik,sopan,lokasi,mudah,area,luas,memudahkan,vaksin,menjalankan,proses,m,bravo",1
"membantu,aman,selagi,pandemi,malas,antre,penjelasanya,memuaskan",1
"terbantu,aplikasi,dokternya,baik,baik",1
"konsultasi,dokter,baik,cepat,responsif,pesan,obat,status,pembayaranya,dibatalkan,jelek",1
"bagus,suka,aplikasi",1
"pembayaran,dokternya,chat,terima,kasih,pengembalian,dana",1
"bagus,pelayanan,baik,jelas,cepat",1
"membantu,pandemi,dokternya,baik,sabar,keluhan,pasien",1
"konsultasi,dokter,mudah,menenangkan,panik,pertolongan,sakit",1
"bagus,pelayananya",1
"selamat,siang,dokter,barusan,telepon,mengatasnamakan,pelayanan,dokter,klaim,dana,jt,data,lengkap,email,nomor,rekening,bank,aneh,email,nama,nomor,rek,un,ulasan,lengkap",1
"kasih,bonus,kaki,beli,obat,pakai",1
"bagus,cepat,respon,dokternya,membantu,terima,kasih",1
"terimakasih,aplikasi,bantu",1
"cepat,tangap,aplikasi,sulit",1
"terbaik,konsultasi,terbaik",1
"malam,malam,sakit,kontak,langsung,konsuli,obat,kirim,membantu,infokan,teman,teman",1
"aplikasi,orang,kelas,tibang,obat,bayar,sunguh,miris,negeri,ktika,orang,pintar,anugerah,membantu,ihklas,seakan,uwang,kuasa,tuhan",0
"membantu,memfasilitasi,pendaftara,vaksinasi,covid,lanjut,usia,apotek,butuh,obat,malas,rumah",1
"mantap,kemarin,putus,koneksi,chat,dokter,ulasan,bintang,lansung,ditelpon,dikembalikan,uangnya,mantap",1
"membantu,resep,dokter,obat,dikirim,daring,terima,kasih",1
"bagus,pandemi,membantu,terima,kasih,sukses,bantu",1
"membantu,respon,cepat,terima,kasih",1
"terbantu,adany,aplikasi,maju",1
"alamat,maaf,mencantumkan,alamat,manual",1
"aplikasi,ketiga,apotek,toko,online,sedia,barang,kondisi,edisi,th,beli,langsung,apotek,gojek,kasih,obat,edisi",0
"respon,dokter,cepat",1
"bagus,antre,rumah,sakit",1
"profesional,cepat,tangap",1
"membantu,mudah",1
"aplikasi,membantu,vet,dokter,suci,dokter,hewan,ramah,konsultasi,dokter,suci",1
"membantu,terima,kasih",1
"thanks,membantu,mendapt,resep,pergi,dokter",1
"pengalaman,aplikasi,bagus,semoga,bermanfaat,membantu,menyembuhkan",1
"mudah,konsultasi,dokter",1
"nomor,telepon,genggam,muncul,otentikasi,nomor,telepon,genggam,tolong,tim,it,back,end,diperbaiki,terima,kasih",0
"menolong,aplikasinya,darurat,anak,anak,ditingal,rumah,terima,kasih",1
"aplikasi,pintar,membantu,dimasa,pandemi,antre,apotek,apotek,antre,dikasir,apotek,tingal,pakai,gopay,terima,kasih",1
"sistem,pembayaran,pakai,gopay,kasih,pembayaran,lakukan,indomaret,alfamaret",0
"terima,kasih,mempermudah,berobat,klinik,dimasa,pandemi",1
"membantu,pengiriman,ongkosnya,mahal,kurir,reguler,tarif,ribu,kena,ribu",1
"uang,habis,ribu,konsultasi,resep,cuek,sam,dokternya,posisi,sakit",0
"mempermudah,konsultasi,janji,dokter,lingkungan,tingal",1
"beli,obat,sertakan,nota,pembelianya",0
"metode,pembayaran,sulit,kenpa,go,pay,isi,saldo,pakai,debit,teratas,rekening,bank,dam,sejisnya,hapy,hewan,bagus",0
"dokternya,baik,ramah",1
"terbaik,menurutku,andalan,diriku,jelek,belanja,apotek,zaman,pandemi,aman,beli,daring",1
"dokter,bagus,respon,cepat",1
"terima,kasih,terkhusus,wid,patria,sabar,ramah,mendengarkan,konsultasi,pasien",1
"tidak,bisa,disambung,gopay",0
"instal,sambung,gopay,tulisanya,nomor,terdaftar,nomor,gopaynya,terverifikasi,edit,bintangnya,terima,kasih",1
"konsultasi,chat,doctornya,kenakan,tarif,tarifnya",0
"bagus,pelayanan,cepat,dokter,ramah,harga,obat,jangkau",1
"membantu,musim,pandemi",1
"bagus,bagus,konsultasi,kehamilan,istri,semoga,berkah,sehat,amin",1
"aplikasi,membantu",1
"membantu,semoga,resep,obatnya,berkhasiat,kesembuhan,anak,terimakasih",1
"lambat,respon,adminya,uang,cepat,keluhan,kendala,lambat,parah,jelek",0
"harga,bagus,sayang,error,lambat,respon,ditelpon,pelayanan,susah,masuk,hasil,rapid,antigen,jam,jam",0
"bagus,pelayananya,ramah",1
"respon,costumer,servies,lambat,lambat,solusi,bermasalah,aplikasi,sinkron",0
"konsultasi,bayar,pakai,gopay,gagal,konsultasi,menu,konsultasi",1
"aplikasi,keren,membantu",1
"auntik,vaksin,mandiri,kusus,lanjut,usia,umur,aplikasi",1
"suka,pakai,aplikasi,konsultasi,murah,rumah,sakit",1
"konsultasi,beli,obat,mudah,aplikasi,report,konsultasi,beli,obat,menunggu,rumah",1
"aplikasi,membantu,suka",1
"pelayanan,bagus,puas",1
"bagus,mudahin,cek,tokonya,daerah",1
"kondisi,sulit,rumah,membantu,terima,kasih,barakalah",1
"ok,memudahkan,membantu",1
"bagus,membantu,terima,kasih,mudah,mudahan,berkembang",1
"layanan,dokter,cepat,respon,komunikasi,terima,baik,terima,kasih",1
"membantu,pandemi",1
"pesan,obat,cepat,membantu,disetiap,kondisi",1
"dokter,terlambat,postif,hamil,mohon,petunjuk,dokter",0
"aplikasinya,mudah,membantu,semoga,responsif,melayani,konsultasi,terima,kasih",1
"apotek,toko,beli,barang,harga,beli,ajar",0
"dokternya,ramah,komunikatif",1
"terima,kasih,dokter,resep",1
"bagus,pokoknya,musim,anak,sakit,mudah,nanganinya,terima,kasih,bantu",1
"membantu,telepon,dimasa,pandemi,kedepanya,semoga,pilih,apotek",1
"aplikasi,lambat,telepon,genggam,masuk,tampilan,aplikasi,redmi,note,mohon,bantuanya",1
"bayar,iklan,gratis",0
"masuk,kalender,kehamilan,menu",0
"proses,apotek",1
"membantu,tolong,mahal,mahal,konsultasi,pasien,butuh,bantuan,konsultasi",1
"asli,bagus,jam,malam,mencari,obat,pilek,anak,langsung,pakai,gojek",1
"suka,aplikasi,membantu",1
"memudahkan,konsultasi,dokter,membeli,obat,memudahkan,aplikasi,bagus",1
"gatal,bintik,nanah,selangkangan,paha,petunjuk",1
"pengguna,bagus,terima,kasih,penilaian,berubah,bagus,pelayanan",1
"bagus,dapetin,obatnya,repot,apotek,terima,kasih,bagus,konsultasi,dokter,lancar,cepat",1
"mudah,informasinya,lengkap",1
"teratas,membantu,terima,kasih",1
"akun,tersambung,gopay,saldo,gopay,isinya,mohon,diperbaiki",0
"bagus,referensi,kesehatan",1
"terima,kasih,dokternya,ramah",1
"respon,dokter,baik,chat,cepat,dibalas,konsultasi,di,mana,mudah",1
"cepat,penanganan,bagus",1
"he,pembayaran,debit,bni,suportnya,terpaksa,pakai,mandiri",1
"aplikasi,cepat,respon,pelayanan,cepat,sukses,bagus",1
"aplikasi,rongsokan,cari,obat,driver,gojek,diarahkan,apotek,tutup",0
"konsultasi,tht,langsung,responsif,kasih,resep,bagus,semoga,lekas,sembuh",1
"dokternya,respon,baik,cepat,detail,konsultasi,bagus",1
"dokternya,baik,nyaman,konsultasi,semoga,perbarui",1
"bagus,mantap,susah,berobat,aplikasi,bagus",1
"aplikasi,bagus,membantu,beli,obat,putar,putar,cari,apotek,terima,kasih",1
"membantu,sehat,penanganan,cepat,mudah,diakses,terima,kasih",1
"membantu,mudah,mudah,konsultasi,sembuh",1
"jelas,aplikasi,pelan,responsif,jelas",0
"darurat,bagus",1
"terlambat,brpa,menit,langsung,dibatalkan,jadwal,konsultasi,uang,pengembalian,dana,chat,botnya,pelayanan,payah,ngrespon",0
"terimakasih,saran,resep,terbagus,tatap,muka,dokter",1
"membantu,konsultasi,obat,langsung,diterima,terima,kasih,dokter",1
"bagus,dokternya,baik,pakai,kaget,langsung,beli,obat,pakai,gojek,keren,membantu",1
"bagus,layanan,csnya,respon,cepat,tolong,aplikasi,pelan,dokter,asuransi,diterukan",0
"bermanfaat,kesehatan",1
"dimudahkan,membeli,obat",1
"membantu,konsultasi,dokter,pelayanan,ramah,jelas,membantu,solusi",1
"mudah,cepat,informasinya",1
"bagus,konsultasi,dokter,cepat,respon,ramah,terima,kasih",1
"mantap,membantu,seumpama,rumah,sakit,puskesmas",1
"puas,pelayanan,terima,kasih,membantu",1
"aplikasi,konsultasi,anga,mintarsa,bagus,bagus,bagus,terima,kasih,dokter",1
"aplikasi,membantu,konsultasi,kesehatan",1
"membantu,solusi,baik,dokter,terpercaya,pengalaman,bagus",1
membantu,1
"penjelasan,dokter,baik,bagus",1
"aplikasi,terbaik,suka",1
"membantu,cocok,resep,dokter,terima,kasih",1
"aplikasi,membantu",1
"penjelasan,jelas,detail,mudah,mengeti",1
"bermanfaat,orang",1
"bismilah,semoga,bermanfaat",1
"cepat,keluhan,pasien",1
"dokternya,komunikatif,ramah,sabar,saranya,jelas,secara,keseluruhan,terima,kasih,dokter",1
"membantu,era,pandemi,semoga,ditingkatkan,layananya",1
"dokter,ny,baik,baik,cepat,obat,kasi,obat,terbaik,langgan",1
"parah,konsultasi,bayar,indonesia,merdeka,mapia,kaya",0
"terima,kasih,membantu",1
"pemesanan,respon,salah,coba",0
"bagus,semoga,baik",1
"mengakses,akun,nomor,telepon,hilang,mohon,bantuanya",1
"terbantu,kerumah,sakit,bagus,sembuh,sakit",1
"sulit,apotek,pakai,puas,rumah",1
"baiknya,arahkan,pembelian,obat,apotek,terdekat,rumah,pasien,terima,kasih",1
"aplikasi,membantu,pandemi,manfatnya,saskit,gejala,ringan",1
"tolong,filter,berdasarkan,wilayah,praktik,cek",0
"pakai,lumayan,tenang,konsultasi,dokternya",1
"keren,pakai,asuransi",1
"membantu,pandemi,rumah,konsultasi",1
"dokter,rutin,periksa,tangal,tentukan,sesuai,kehamilan,perbulan,mohon,kebijakan,dockter",1
"konsultasi,suka",1
"pengemasan,cepat,pengiriman,cepat,kepepet,malam,malam,butuh,obat,kalah,cepat,terima,kasih",1
"bermanfaat,efisien,tenaga,biaya,thanks",1
"dokternya,ramah,solusi,sesuai,kondisi,konsultasi",1
"membantu,pandemi,chat,dokter,cepat,responsif,profesional",1
"bagus,membantu",1
"membantu,cepat,kondisi,mendesak,pasien,datangke,rumah,sakit",1
"membantu,kondisi,mendadak,mendesak,terima,kasih,semoga,sukses",1
"bagus,konsultasi,berasa,diskusi,langsung,dokter",1
"aplikasi,membantu",1
"takut,rumahsakit,dokternya,bagus,bagus,makasih",1
"terima,kasih,konsultasi,dokter,dokternya,ramah,cepat,balas,chat,senang",1
"membantu,mengenali,penyakit,kucing,konsultasi,dokter,hewan",1
"membantu,sakit",1
"aplikasi,kehidupan,butuh,obat,tingal,pemesanan",1
"dokter,jelas,terbantu,merawat,suami,terima,kasih",1
"bagus,membantu,susah,cari,obat,aplikasiny,cepat,lengkap,bagus",1
"membantu,dimasa,pandemi,mengurangi,kontak,langsung,dokter",1
"dokter,melayani,gratis,respon,cepat,kaih,bintang,mencoba,konsultasi",1
"bagus,terima,kasih,layanan,cepat,membantu",1
"bagus,penjelasan,dokternya,detail,pakai,gambar,tubuh,cepat,mudah",1
"aplikasi,membantu,sayang,bayar,pakai,ovo",1
"bagus,bermanfaat,respon,cepat,baik,tangap,membantu",1
"binggung,ke,mana,aplikasi,membantu,terima,kasih,yah",1
"menolong,semoga,membantu,masyarakat,kemudahan",1
"membantu,covid,rumah",1
"membantu,terima,kasih",1
"bagus,aplikasi,membantu,pelayananya,cepat,bagus",1
"tolong,fitur,gratis,chat,asuransi,spesialis,dokter,dokter",1
"tulisan,terhubung,dokter,saldo,terpotong,chat,diskusi,dokternya,aplikasi,jelek",0
"konsultasi,cepat",1
"terima,kasih,membantu",1
responya,0
"dokter,ramah,lansung,point,penjelasan,penyakitnya,pertahankan",1
"sunguh,bermanfaat,pandemi,memiliki,anak,sakit,malam",1
"terima,kasih,aplikasi,membantu,konsultasi,kesehatan",1
"detail,membantu,dokternya,kasih,resep,obat",1
"malam,dokternya,sabar,melayani,konsultasi,keren,charles",1
"ambilnya,obat,rumah,kasihan,gojeknya",1
"membantu,biaya,konsultasi,plus,obat,terjangkau,terima,kasih",1
"ulasan,dokter,baik,obat,direkomendasikan,bagus,terima,kasih,dokter",1
"membantu,aplikasi,berhubungan,dokter,pandemi",1
"kasih,bintang,pemesanan,bayar,status,dibatalkan,uang,lari,ke,mana,uang,kasih,bintang,transaksi,dibatalkan",0
"membantu,keadan,pandemi,rumah",1
"senang,konsultasi,dokter,bagus,tenang",1
"aplikasi,bagus",1
"membantu,informasi,kesehatan,butuhkan",1
"puas,membantu,terimakasi,aplikasi,halodic,dokter,bertugas",1
"susah,hubungkan,gopay,pin,dibilang,salah",0
"terima,kasih,aplikasi,membantu,pandemi",1
"pesan,bagus,lancar,cepat,sampainya",1
"tolong,sertifikat,vaksin,kemarin,vaksin,makan,mengeluarkan,tolong,usut,jelek,tolong,respon,kendala,terima,kasih",0
"terimakasih,membantu",1
"cepat,penanganan,terima,kasih,ksih,terbantu,kondisi,mendesak",1
"membantu,keadan,pandemi,covid,bagus",1
"membantu,konsultas,semoga,cocok,obatnya,amin",1
"bermanfaat,konsultasi,kesehatan,cepat,bagus",1
"tolong,percepat,prosesnya,tes,pacar,kemaren,nunggu,ac,butuh,cepat",0
"dokter,tolong,area,perluas,daerah,jawa,timur,blitar",1
"penjelasan,baik",1
"membantu,situasi,pandemi,repot,repot,rumah",1
"suka,memudahkan,sibuk,memeriksakan,dokter",1
"dokternya,ramah,membantu,terima,kasih",1
"bagus,membantu",1
"bagus,kondisi,pandemi,berobat,rumah",1
"membantu,mencari,solusi,kesehatan,terima,kasih",1
"aplikasi,membantu,sulit,antre,beli,obat",1
"cepat,responsif,solusi",1
"membantu,upload,resep,tingal,menunggu,obat,antre,apotek",1
"bagus,opsi,saran,driver,gojeknya",1
"rekomen,membantu,terima,kasih,bagus",1
"bagus,rekomendasi,konsultasi,pergi,rumah,sakit",1
diandalkan,1
"aplikasinya,pelan,macet,tolong,servernya,perbaiki,terima,kasih",1
"tolong,alasan,pesanan,dibatalkan,batal",0
"mudah,cepat",1
"membantu,aplikasi,terima,kasih,dokter",1
"bagus,berbicara,ahli,diagnosis",1
"terbantu,aplikasi,kondisi,pandemi,covid",1
"membantu,beli,obat,darurat,terima,kasih,gojek",1
"membantu,darurat,konsultasi,obat,rumah,biaya,terjangkau",1
"bagus,membantu,isoman",1
"bagus,membantu",1
"dokternya,ramah",1
"puas,pelayanan,baik,keluarga",1
"kadang,barangnya,kosong",1
"solusi,pandemi",1
"respon,dokter,cepat,penyampaian,padat,jelas,puas,pelayanan",1
"dokter,responsif,bagus,dokter,galak",1
membantu,1
"sederhana,sulit",1
"terbantukan,rumah,sakit,pandemi,suka",1
"baik,care",1
"instal,mingu",0
"konsultasi,dokter,ramah,pengiriman,obat,cepat,terima,kasih",1
"surat,keterangan,sakit,dokter",1
"dokernya,ramah,ramah,chat,jam,pagi,dilayani,baik",1
"cepat,respon,dokternya,kondisi,arahan,resep,obat",1
membantu,1
"dokternya,bagus,wilayah,pengantaran,obat,luas",1
"praktis,membantu,dikala,rumah,kantor",1
membantu,1
"puas,mudah,konsultasi,dokter",1
"responya,cepat",1
"senang,konsultasi,anti,khawatir,kontak",1
membantu,1
"pengiriman,cepat",1
"membantu,cepat,kebutuhan,obat,obatan,konsultasi,kesehatan",1
"selamat,pagi,sertifikat,dibuka,vaksin",1
"membantu,terima,kasih",1
"membantu,pandemi",1
"terima,kasih,membantu,pandemi,bantu",1
membantu,1
"membantu,bagus",1
"terima,kasih,keluhan,pelayanan,cepat,menangapi,bantu",1
membantu,1
"chat,balas,dokternya,saldo,jelek",0
membantu,1
"pakai,aplikasi,lancar,informatif",1
"keren,praktis,terpercaya",1
membantu,1
"aplikasi,membantu,kondisi,istirahat",1
"dokternya,baik,semoga,anak,lekas,sembuh",1
"aplikasi,layanan,membantu,semoga,sukses",1
"aplikasi,membantu,respon,cepat,pengiriman,cepat",1
"aplikasi,membantu,pasien,berpergian",1
"dokternya,baik,penjelasanya,jelas,membantu",1
"terima,kasih,mudah,mudahan,cepat,sembuh,penyakit",1
"pelayanan,baik,terimakasih,dokter",1
"cepat,bagus",1
membantu,1
"aplikasi,manfatnya,bagus,mudah",1
"senang,curahan,hati,dada,bingung,terimakasih,terimakasih",1
"terima,kasih,membantu,pandemi",1
"pelayananya,memuaskan,petugasnya,ramah,terima,kasih",1
"membantu,tenang,informasi,solusi",1
"dokter,hewan,ramah",1
"membantu,pendemi,rumah,sakit,takut,takut",1
"cepat,respon,dokter,ramah,penjelasan,detail",1
"aplikasi,bagus,wilayah,lombok,barat",0
"membantu,pandemi",1
"chat,dokter,gratis,bayar,bagus",0
"membantu,dokternya,jelas,sabar",1
"aplikasi,membantu,palagi,kondisi,pandemi,rumah,sakit,rujukan,copid",1
"informasi,advise,membantu,terima,kasih,dokter",1
"membantu,rumah,menemui,dokter",1
"bayar,gopay,docternya,respon,kemana,uang,gopay,bayar,ganti,dokter",1
membantu,1
"pembayaran,gagal,uang,kepotong,dokter,beres",0
"bagus,membantu,pandemi",1
"bagus,membantu,terima,kasih,semoga,sukses",1
"membantu,membeli,obat,langsung",1
"bagus,responsif,aplikasinya,lambat,lambat",1
"membantu,mendesak",1
"memudahkan,terima,kasih,layananya",1
membantu,1
"bagus,aplikasi,cepat,tangap,terima,kasih",1
"pelayanan,respon,dokter,apotek,baik,cepat",1
"membantu,pandemi,saran,responsif",1
dokternya,1
"puas,konsultasi,aplikasi,layananya,cepat",1
"ketemu,pengembangan,vidio,call,keren",1
"barang,bayar,respon,jelek",0
"terima,kasih,aplikasi,terbantu",1
"bagus,pengiriman,pesanan,cepat,diskon",1
"pelayanan,baik,cepat,kirim,cepat,terima,kasih",1
"dokternya,baik,sulit,rumah",1
"dokternya,cepat,tangap,ramah,memuaskan",1
"baik,sabar",1
memudahkan,1
"membantu,kondisi,sibuk,ditambah,pandemi",1
"penyelamat,dikala,obat,dicari,apotek,terdekat,kosong,bagus",1
"terima,kasih,semoga,maju,berkembang",1
"unduh,resep,digital,dokumen,keteranganya,terunduh,masuk,dokumen,jelek",0
"aplikasi,membantu,memudahkan,masyarakat",1
"membantu,meringankan,beban,rumah",1
"konsultasi,semoga,baik",1
"bagus,dicoba",1
"membantu,mencari,informasi,kesehatan,terima,kasih",1
"membantu,senang,terima,kasih",1
"cepat,tangapi,puas,konsultasi,terima,kasih",1
bermanfaat,1
"nunggu,dokter,chat,bayar,registrasi",0
"membantu,pembelian,obat,konsultasi,dokter",1
"bagus,cepat,obatnya",1
"bagus,membantu",1
"prabayar,mengunakn,ovo,gimna,komen,dokter,hu,payah",0
"sulit,aplikasi,nyambungin,gopay,susah",0
"bermanfaat,bagus,aplikasinya",1
"aplikasi,inovasi,anak,bangsa,hebat,membantu,masyarakat,indonesia,mempermudah,akses,layanan,kesehatan,fitur,fiturnya,membantu,di,tengah,pandemi,aplikasi,membantu,berobat,mengantri,ulasan,lengkap",1
"semoga,membantu",1
"bagus,aplikasi,bagus",1
"bagus,aplikasinya",1
"keren,aplikasi,keadan,darurat",1
"lumayan,membantu",1
"puas,konsultasi,dokter,dokter",1
memuaskan,1
bermanfaat,1
"aplikasi,membantu,terima,kasih,bagus",1
membantu,1
"bicara,bicara,menyediakan,kalender,menstruasi",0
membantu,1
"terima,kasih,cepat,respon,dokter,spog,resepnya,cocok,bantu",1
"bagus,bagus",1
"penjelasan,mengerti",1
membantu,1
"lugas,jelas",1
"senang,konsultasi,mudah",1
"daftar,gagal,sinyal,lancar",0
"semoga,anak,cocok,obat,dokter,anak,resepkan",1
"membantu,mudah,bagus,pokonya",1
"pelayanan,cepat",1
membantu,1
"aplikasi,membantu,terima,kasih",1
"memudahkan,pandemi",1
"pelan,dibuka,lambat",0
"praktis,antre,dokter,cepat,respon",1
membantu,1
"dokternya,ramah,cepat,respon,terima,kasih",1
membantu,1
"beli,obat,jam,mudah,sulit,terima,kasih,bagus",1
"pakai,konsultasi,hasilnya,bagus",1
"pelayanan,prima",1
"membantu,kondisi,penyakit",1
"membantu,situasi,pandemi",1
bantu,1
bagus,1
membantu,1
"dokter,cepat,tangap,mendengarkan,keluhan",1
"membantu,sukses",1
membantu,1
membantu,1
membantu,1
membantu,1
membantu,1
membantu,1
membantu,1
membantu,1
"respon,dokter,ramah,cepat,semoga,sukses,senang",1
membantu,1
"aplikasi,dibutuhkan,rumah,sakit",1
membantu,1
"memuaskan,cepat,obat,apapun,tersedia",1
membantu,1
membantu,1
membantu,1
membantu,1
membantu,1
"membantu,sakit",1
membantu,1
"metode,perbayar",0
membantu,1
membantu,1
membantu,1
membantu,1
"membantu,berobat,pandemi",1
membantu,1
"terima,kasih,dokternya,baik,ramah",1
"aplikasi,membantu,pandemi,bagus",1
"layanan,konsultasi,kesehatan,cepat,sederhana",1
"membantu,bantu",1
"membantu,bantu",1
membantu,1
"membantu,pandemi",1
"cepat,praktis",1
"membantu,pandemi",1
"seru,diskusi,bareng,dokternya,teman,curhat",1
"dokter,baik,ramah,puas,solusi",1
membantu,1
membantu,1
"membantu,pandemi,dokternya,bagus",1
"bagus,membantu,darurat",1
"puas,dokter,kasih,arahan,terima,kasih",1
"puas,pelayananya,semoga,berkah,sehat",1
"obat,dokternya,manjur,terima,kasih,bantu",1
"dokternya,ramah,perhatian,terima,kasih",1
"membantu,pandemi",1
"membantu,dokternya,ramah",1
"terbantu,pandemi,masi,takut,rumah,sakit",1
"ramah,respon,cepat,terima,kasih",1
"singkat,padat,jelas,chat,dokter,spesialis",1
"membantu,situasi",1
"nyaman,dokternya,suka",1
"respon,dokter,cepat,detail,pengiriman,obat,cepat",1
"respon,dokternya,baik,baik,aplikasi,membantu,pasien",1
"membantu,pandemi,demam",1
"membantu,aplikasi",1
membantu,1
"membantu,terima,kasih",1
"terima,kasih,kasih,bantuanya,dokter",1
membantu,1
"membantu,dokter",1
"pelayananya,bagus,obatnya,cepat,nyampenya",1
membantu,1
membantu,1
"bagus,pakai,gratis,bayar",0
"dokter,jelas,penjelasanya,resep",1
"membantu,kondisi,menentu",1
"terbaik,bagus,membantu,pandemi,suka",1
"membantu,rumah,terima,kasih",1
"suka,dokter,aplikasi",1
"membantu,dikala,pendemi",1
membantu,1
"dokternya,ramah,respon,cepat,koperatif",1
"dokternya,ramah,ramah,detail",1
"membantu,kebutuhan,obat,thanks",1
"bagus,menolong,terima,kasih",1
"daftar,vaksin,tanggal,maret,menceknya",1
"membantu,pandemi,terima,kasih,kasih",1
"semudah,diklik,praktis,bantu",1
"pelayananya,ramah,paham,bidangnya",1
"bagus,aplikasi,dokter,pribadi,terima,kasih",1
"memudahkan,konsultasi,rumah",1
"membantu,pelayanan,dokter,memuaskan",1
