rating,review
5,Tidak ada review
5,"Puas, kecil tapi kencang."
5,Tidak ada review
1,Barang yang datang bukan baracuda 3.5 7200rpm tapi pipeline HD.2
5,"Thanks barang sudah sampai, sehari langsung sampe untuk sesama Jakarta. Kemasan nya rapi, Thankyou buat lazada dan kenkez"
5,Tidak ada review
1,Tidak ada review
5,Tidak ada review
1,Tidak ada review
5,Tidak ada review
5,Tidak ada review
5,Tidak ada review
5,Barang bagus pengirman cepat. mantab deh
5,"so far ... puas dengan produk ini , harga dan fasilitas yg didapat sangat sebanding .... pengirimannya juga tidak sampai 2 hari ... thanks lazada"
5,Tidak ada review
5,Tidak ada review
5,Tidak ada review
5,"Ordernya tgl. 07/04/2015 sampai barangnya tgl. 09/04/2015, cepat banget yah... Barangnya sesuai dengan gambar yang ada di web. Coba telpon ke suppliernya untuk tanya cara pakainya ternyata telelpon yang tercantum nyambung dan disambut baik oleh pelayannya. Puas dengan pelayanannya... Thanks Lazada.... ^_^"
5,Tidak ada review
5,"EX2 emng keren abiz !! cetar membahana dan hmpir semua org kagum sama cara kerjanya, alhamdulilah'a aku puas banget sama produk yang satu ini .. thanks kenkez .. jadi ketagihan nih beli di lazada !"
2,"Saya pesan hardisk ini tanggal 2 juni dengan fasilitas gosend sampai dihari yang sama,  Tapi sampai sekarang blm smpai,  Mohon segera di proses"
5,Tidak ada review
5,Tidak ada review
5,Tidak ada review
5,Ukuran lumayan mungil tapi pas buat pasangan powerbank dan ponsel jadi aman tersimpan!
5,Tidak ada review
5,Tidak ada review
5,Tidak ada review
5,Tidak ada review
5,Tidak ada review
4,"Barang oke, packaging rapi, dan pengiriman cepat. Beli HDD ini pas lagi Harbolnas (11 Des). Kirain bakalan nyampe lama. Ternyata tgl 14 udah nyampe. Makasih JVP & Lazada"
5,Tidak ada review
4,Semua berjalan mksh lazada
1,"sudah lewat batas pengiriman, barang belum sampai"
5,Barangx bagus sesuai gambar makasi
5,Tidak ada review
2,"Barang yg dtg hdd transcend 25m3 warna biru, bukan 25h3 purple"
5,Tidak ada review
5,MANTAP SESUAI EKSPENTASI
5,Tidak ada review
5,Great item
5,Lacie 2TB nya mantap
5,"You won't regret if you buy it, it's durable .and very easy to use.Satisfied and Thanks Lazada !"
3,So far found ok
5,Tidak ada review
5,"kualitas ok, mantap"
5,Tidak ada review
5,Tidak ada review
4,Barang bisa duganakan secara normal seperti seharusnya.
5,"Pada akhirnya ... harddisk WD ekternal warna biru saya datang! XD Sempat khawatir juga saya mengingat saya gak pernah membeli barang online pada hari weekend (kecuali PO). Saking khawatir pesanan saya sudah dikirim atau belum, saya sampai live chat dengan pihak Lazada untuk menanyakan posisi harddisk pesanan saya ini haha Untuk pengiriman, termasuk lama ya ....  Padahal masih wilayah Jakarta juga ckckckck (Mungkin ini efek belanja online di hari weekend). Tapi, walau terlambat dari hari yang dicantumin oleh Lazada dan di dalam nota pembelian, saya tetap merasa lega karena barang pesanan saya sudah sampai dengan sangat aman mengingat pembungkusan barangnya sangat rapi sekali hingga harus menggunakan gunting untuk membukanya. Di tambah dengan bubble wrap yang memberi kesan empuk hingga tambah yakin saya kalau barang ini akan sangat aman! Saya juga sudah mencoba harddisk-nya dan ... beneran 2TB, lho! (walau hanya tersisa 1,81TB karena sisanya termakan untuk sistem) Tapi dengan harga Rp 1.250.280 bisa dibilang sangat WORTH IT mendapat harddisk 2TB!  P.S: Saya beli dengan harga segitu karena memakai kode voucher potongan diskon dari Lazada dari harga asli kalau gak salah Rp 1.359.000 *lihat ke atas* fufufufufu #gakmaurugijugadia Ditambah dengan bonusnya yang 3 kali plus! Pouch WD, memo WD, dan pen WD! (Semuanya ada tulisan WD-nya! Gak tahu asli atau kagak, tapi semoga saja asli dari WD wkwkwkwk) Tambah gak rugilah! #nihanakemangbener-bener Overall, saya puas sekali dengan barang yang saya beli ini. Karena itulah saya bersedia menulis review panjang-panjang begini (bukannya emang selalu nulis review panjang-panjang, ya?) #plakplakplak P.S 2: Saya sempat bingung dengan tulisan ""Nota di dalam!"" pada bagian kertas putih yang bertulisan nama pengirim dan identitas penerima. Saya cari-cari sampai bego di dalam bungkusannya, ""kok, gak ada?"". Berhubung IQ saya tinggi (#PLAK), jadi saya berpikiran pasti di balik/di dalam kertas ini, nih .... Dan dugaan sayabenar! Ternyata kertas putih itu adalah amplop yang berisi kartu nama si penjual dan nota pembelian wkwkwkwkwk Anda sungguh KREATIF sebagai pedagang! Baru kali ini saya dibegituin .... Untung belum saya buang tuh bungkusan. At last but not least, Thank you, Ezzy Com! Saya pasti akan pesan harddisk lagi ke sini kalau kapasitas harddisk saya sudah penuh! (Tapi, gak tahu kapan penuhnya .... Mungkin masih agak sangat lama ....)"
5,harddisknya masih awet sampai skrng.
5,Wow..  Kualitas Barang OKE banget. Pelayanan juga OK. Trims..
5,Tidak ada review
4,sempat khawatir tidak muat hard disk eksternal saya tapi ternyata muat...barangnya bagus dgn bahan yg sesuai.
5,"Brg sdh dtg n berfungsi baik, sayang kabel nya krg umum d tmpt saya ... Jd klo rsk ssh cr cdngan, wlo smpe skrg msh baik2 saja ..."
1,Tidak ada review
4,"Pengiriman cepat dan rapi, barang diterima baik. Barang setelah digunakan dengan hasil ""mantap"""
5,Tidak ada review
5,Oke
5,Tidak ada review
4,"kata orang rumah barang udah datang, lum cek but thks"
4,pas 2 tahun.. mati total.. pemakaian normal 7 jam sehari..
1,Sy kecewaaaaa beli memory card sandisk 8gb smpe rmh memory ga bs dipake...buruk sekali anda
5,Tidak ada review
5,Tidak ada review
5,Tidak ada review
4,Tidak ada review
3,Mas kq pouchx lbih kecil dri ukuran yg di cntumkan yk... Ukuranx cuma 12cmx7cm
1,pengiriman molor 3 minggu saya kecewa
4,Berfungsi dengan baik
5,Tidak ada review
5,"Baru sempet review disini, pesan tgl 19, sampai 21, packing Best dengan bubblewrap, dan dapat harga murah dari yg lain dengan spek yg sama. Barang original, made in thailand. Thanks Kenkez n lazada"
5,Tidak ada review
5,Tidak ada review
5,Tidak ada review
5,Tidak ada review
1,kenapa blm sampai juga dari tanggal 15 desember pemesanan nya???
5,Barang berfungsi dengan baik
5,Tidak ada review
5,Barang ok
5,Tidak ada review
5,Tidak ada review
4,Berfungsi baik
5,Tidak ada review
4,Kok lama ya
5,Tidak ada review
5,Tidak ada review
5,Tidak ada review
5,rekomen
5,Tidak ada review
5,cocok banget
5,"Product:  HGST drive inside (model WD80EZZX), 5400RPM 3.5â€³ drive. Western Digital bought HGST (Hitachi Global Storage Technologies) back in 2012, combining the two companies technologies together. You get everything you need inside the box. The drive, power cable and USB. The drive comes with Acronis True Image WD Edition software which gives you need for making system and file backups with, including scheduled maintenance. It has USB3 connection, which is compatible with USB2.  Seller: Very prompt response, shipped next day with Lazada Express"
5,"Barang diterima dalam keadaan baik, berfungsi dengan bagus."
5,"Punyaku kok gak ada kartu garansinya dan segelnya gan, nanti buat ngeklaim garansi gimana caranya ya ?"
5,"barang baguss, sampai nya jg cepet"
4,Tidak ada review
5,Tidak ada review
4,Tidak ada review
1,dibanding dgn harganya...kualitasnya jauh sekali...dengan harga 150 rb dan kualitas yang kurang memadai harga tersebut kemahalan....
4,Bagus dan pengiriman cepat
5,Tidak ada review
5,"Pesan dari luar negeri, 5 hari kemudian sampai, Barang bagus tapi berharap ada isinya dalam kotaknya"
4,Barang lumayan bagus. Tebal jadi aman untuk harddisk. Harga sesuai
1,"Gimana nih barang udah sebulan lebih gak datang2....status di lazada pun belum di proses di kirim....please follow up, lazada team..."
4,Tidak ada review
5,Tidak ada review
5,Tidak ada review
5,Ok sesuai sm deksripsi
3,Tidak ada review
5,Tidak ada review
4,Tidak ada review
5,Tidak ada review
5,"Maaf baru sempat review.  Secara umum cukup puas dengan layanan penjual. Packing bagus, rapih dan aman. Fisik barang sesuai gambar dan ulasan yang ada di website, hanya saya mis-informasi aja karena ternyata HD External WD ini gak dapat sarungnya.  Overall, saya rekomendasi sellernya. Thanks dan tingkatkan selalu pelayanannya, Sukses!!"
4,barang diantar dengan cepat dan sesuai dengan penjelasan yang ada. penjual merespondengan cepat.
5,Tidak ada review
4,Tidak ada review
5,Tidak ada review
1,"Kami menggunakan windows 10 sedangkan  yang dikirim adalah produk untuk windows dibawahnya, dan kamipun sudah mencoba untuk masuk ke windows 7 namun tetap tidak bisa digunakan, kami minta pengembalian dana saja. karna ternyata produk ini tidak sesuai harapan kami."
5,produk sesuai yg di gambar. bagus
5,barang sesuai pesanan
5,"Barang sampenya cepet banget, sesuai juga. Puasss"
5,Tidak ada review
5,Tidak ada review
5,"kualitas bagus , bahan aluminium dan akhirnya bisa digunakan HDD SSD saya sbg eksternal"
4,"Produknya bagus, pengirimannya cukup cepat beli tanggal 29 maret diterima tgl 1 april.  Namun untuk aktivasi antivirusnya tidak bisa. Saran, sebaiknya untuk pengiriman dikasih bubble wrap untuk menjaga kualitas produk saat pengiriman."
4,Tidak ada review
5,Tidak ada review
5,"Barang sudah diterima dan bekerja dengan baik, packing rapi, sesuai dengan harapan, pengiriman juga cepat, tapi bonusnya kurang menarik, tapi ngak apalah, puas deh... :D"
3,Kenapa di laptop Macbook Pro Retina saya ngga bisa dibuka ya?
4,Tidak ada review
1,"Masa 3 Go Jek sdh kesana tutup terus tokonya, order tgl 31 Mei 2017 sampai dg detik ini barang blm terkirim..."
5,Tidak ada review
3,"Packing bagus, pengiriman cepat...cuman hardcase ternyata tdk sesuai dgn gambar produk. Harapan sy dapatnya warna sesuai hard disk dan ukuran lbh besar dikit."
5,Tidak ada review
5,Tidak ada review
1,Baru pakai 3 hari hdd sudah rusak data hilang!  Jangan di beli ! Tidak di rekomendasi
5,Tidak ada review
5,"Respon Chat Oke, Pengiriman Oke, Barang Sesuai. Mdh2an Sukses"
5,"ok, packing rapi, barang OK"
5,"barang sesuai gambar, overall sangat bagus... thanks"
1,"Ada yg penyok pada casenya di bagian antena, mungkin pengiriman kurang aman dan hati2, tp untungnya masih fungsi baik. Deskripsinya ada yg gak sesuai, gak ada batre/powerbank tuh. Buku manualnya bahasa cina, ga ngerti. Coba2 sendiri akhirnya bisa, di bantu google."
3,Tidak ada review
5,Barang sampai dengan cepat dan sesuai deskripsi
5,Tidak ada review
4,"Barang cepat sampai, dan bagus"
5,Tidak ada review
5,Tidak ada review
5,Good and practical product with cheap price. thanks.
1,lebih baik cari yg lain
5,Tidak ada review
5,Tidak ada review
4,Tidak ada review
5,Mantap gan
1,Tidak ada review
5,Tidak ada review
5,Tidak ada review
5,"Sesuai dengan apa yang dipromosikan bonusnya, belum dicoba tapi mudah mudahan ok"
5,"Sesuai judul, produknya recommended degh :) Gampang juga untuk penggunaannya."
4,Tidak ada review
1,Saya sudah memesan dan menunggu sebulan untuk produk ini namun saat seseharusn sampai tiba tiba dibatalkan dan tertera alamat tidak ditemukan padahal di google map pun alamat ini muncul.
4,"Kemasan rapi dan aman, pengiriman lebih cepat dri estimasi, tpi minus sekrup pengunci nya."
5,sdh saya terima dan trima kasih
5,Barang sesuai.. Pengiriman Sangat Cepat.. Mantap jiwa...
5,Tidak ada review
1,Sdh 2 minggu barang blom di kirim juga..bagaimana ini gan .ada barang ngak sih?
5,Tidak ada review
5,Tidak ada review
5,Tidak ada review
5,Tidak ada review
5,makasih barangnya dah sampai barang bagus sesuai pesanan
1,"barang tidak sesuai dengan di deskripsi, dan yg ada di gambar."
5,packing bagus...barang ok lah..
4,Tidak ada review
5,Tidak ada review
5,Tidak ada review
4,Tidak ada review
5,"respon nya bagus,barang nya jg,sama pengemasan baik,bagus lah intinya"
1,"Aq sdh nunggu lama, barang ga dateng jg, kerjaan ku jadi kehambat gara2 seller ini"
5,Tidak ada review
5,Tidak ada review
5,Packing rapi Proses pengiriman cepat Bonus serta kualitas sesuai dengan yang diharapkan
1,Tidak ada review
5,"Pengiriman cepat , respon penjual bagus dan barang sesuai gambar"
5,Tidak ada review
2,"Pelayanannya bagus sih, cuman produknya yang gak bagus.."
5,packing nya rapi
5,ok
5,Bagus dus masih segel void
4,Tidak ada review
5,Tidak ada review
5,"Makasih seller dan lazada, barang yang aku pesen sesuai sama yang ada di gambar...... puas deh pokonya (y)"
1,"Sudah blanja, malah minta uang dibelakang. yaudah mending dibatalkan aja."
5,Tidak ada review
5,Tidak ada review
4,Trm.kasih barang sdh keterima dgn kemasan yg baik dan tdk terlalu lama
1,Tidak ada review
5,"Kualitas barang sangat baik, packing pengiriman barang sangat baik, kecepatan pengiriman barang sangat cepat, respon penjual sangat cepat. Recommended Seller"
5,Tidak ada review
1,"Saya pesan warna hitam, yang datang warna putih. kecewa. gak sesuai ekspektasi"
5,Ini Yang Belum Tau Karena Barang Belum Sampai..Tak Terkirim Tpi seller dengan respon baik bakalan dikirim dengan pesan selanjutnya..terima kasih
5,Tidak ada review
4,Its fast and strongly build.
5,"Barang Oke, Waktu kirimnya cepat, respon penjual cepat"
4,Tidak ada review
5,Tidak ada review
5,Tidak ada review
4,Tidak ada review
5,Penyimpanan berkapasitas besar. Okelaaah
5,very trust. walaupun sempat free barangnya tidak lengkap tapi adminnya bertanggung jawab utk kirim lagi. pelayanannya oke banget.. thankyou.
3,Tidak ada review
5,Tidak ada review
5,Tidak ada review
5,Tidak ada review
5,Tidak ada review
4,puas barangnya.. sesuai dengan spesifikasi dan gambar. hanya saja pengirimannya telat lama sekali. sampai sudah lewat tanggl estimasinya.ğŸ˜Ÿ udh gitu saya cek flasdiknya liat di propertiles nya katanya flasnyadiknya 14 GB kok aneh yağŸ˜ tpi gpp yg penting bisa di pakai..
5,Tidak ada review
5,Tidak ada review
1,Gak usah beli
4,Tidak ada review
5,Tidak ada review
5,"fast respon,seller ramah pengiriman cepat sampai thx gan"
5,Tidak ada review
4,Barangnya sudah sampai kemarin Dan sesuai pesanan  terima kasih ğŸ˜™
5,"Paket rapi, Barang sesuai pesanan, pengiriman sesuai layanan, produk original dan mudahÂ²an awet"
2,Pesanan saya #3688151466 ga dikirim kirim padahal statusnya diproses uda lama. Barang lain dr toko lain dengan no pesanan sama uda smpe 3 hari. Gmana cara batalin pemesanan saya?
4,Tidak ada review
5,Tidak ada review
4,Tidak ada review
1,"harga mahal barang tidak berfungsi biruk sekali,its so bad not recomended."
5,thx ..
5,Tidak ada review
5,Tidak ada review
4,barang d terima dg baik.. tapi dompet hardisknya gk ada tulisan canvionya..
4,kualitas barang bagus sesuai gambar
5,Tidak ada review
5,"barang sudah sampai,fast respon, produk real pick tidak mengecawakan lah pokoknya mantap gan"
5,Tidak ada review
5,mantap
5,Tidak ada review
1,kok barangnya saya beli mahal2 pas mau digunakan ternyata tidak bisa menyala...mohon diganti dong barang yang saya beli ini
5,mantap
4,Tidak ada review
5,Tidak ada review
5,Tidak ada review
5,Barang datang dengan kondisi baik dan sesuai.
5,Barang datang dengan kondisi baik dan sesuai.
5,barang ori tersegel rapi. sesuai deskripsi dan ekspektasi. auto *5. thx
1,Kalau di awal gak jelas jadi takut mau beli
3,Tidak ada review
5,Tidak ada review
4,Tidak ada review
3,Tidak ada review
5,brg sesuai deskripsi dan pengiriman cepat
5,nice
5,Tidak ada review
5,Mantap jiwaa bisa bayar ditempat bareng sama bonusnya ok banget
2,Tidak ada review
5,Tidak ada review
5,Tidak ada review
5,Tidak ada review
5,"WD MyCloud EX2 12 TB termurah di semua toko offline dan online, barang original, udah dipasang dan ditest berfungsi baik, instalasi dan setting server mudah, upload speed rate cukup tinggi, langsung terdeteksi oleh media player, smart tv dan gadget."
5,Tidak ada review
5,Thx kk sesuai pesanan dpt bonus lagi sukses ya
5,"Barang bagus + sesuai spek... Tapi, barang yang saya inginkan sesuai dengan gambar..."
5,bagus
5,Tidak ada review
5,Tidak ada review
5,Tidak ada review
5,Tidak ada review
2,kami kecewa flsdisnya tudak bisa digunakan hanya bisa menyimpan dataa namun  tidak dapat membaca kembali.
5,barang bagus dan berfungsi normal
5,"Baru order sebelum jam 3, pas esok siang barang sampai dengan selamat tanpa kurang cacat satupun. padahal alamat diluar Jakarta"
5,Tidak ada review
5,"Barang sesuai pesanan, sudah di test dan berfungsi dengan baik"
3,Tidak ada review
5,"barang pesanan sdh diterima, namun sedikit kendala di pengiriman, biasa umum pengiriman sekitar 2-3 hari,  ini barang diterima lebih lama... btw thanks boss"
1,brngny sudah nympe. pas di buka. sangattt kecewaa.. tidak sesuai dgn pesann. banyak kurngnya.    kabel usb sonk.   driver IDE sonk.  pastinya kecewa bgettt..
5,Tidak ada review
5,Tidak ada review
3,FD kurang baik cash nya karena ada yg retak2...
5,"Produk diterima dengan baik. Hingga saat ini, produk berfungsi dengan baik."
5,Tidak ada review
4,pengiriman sesuai jadwal. semoga awet.
5,Barang mendarat dengan mulus... hadiahnya juga lengkap..keren!!! Semoga Awet.
5,"walaupun datangnya lama banget tapi nggak pa pa maklum J&E mungkin overload, terobati juga dgn barangnya yang mantap dan moga aja awet, soalnya saya sudah punya 3 untuk anak anak Hardisk model ini dan semuanya keren, trimakasih"
5,ğŸ‘
5,Tidak ada review
5,Tidak ada review
5,Tidak ada review
5,Tidak ada review
5,Tidak ada review
5,Tidak ada review
3,cuma kabel buat volokan ke laptopnya kok gak ada gan?  gmn ini
5,Tidak ada review
5,Tidak ada review
5,Barang datang sesuai dengan yang disampaikan :D
5,Tidak ada review
2,Tidak ada review
5,Tidak ada review
5,Tidak ada review
5,Produk INI bagus.yg butuh penyimpanan data eksternal saya rekomendasikan beli produk INI. Fast respons Dan pengiriman cepat.packingnya juga bagus.tampilan produk juga keren...
5,Tidak ada review
5,Tidak ada review
3,"belum terima barangnya, kok di keteranganx sdh terima,,, spa yg nerima?"
5,Tidak ada review
5,Tidak ada review
5,Tidak ada review
5,pengiriman cepet..packing jg mantap aman..lsg dpke brfungsi dg baik..good product
4,Tidak ada review
5,"Sesuai pesanan, dan pengiriman tepat waktu."
5,Tidak ada review
5,joss.....packing rapi
5,Barang sudah diterima packing rapi semoga awet
5,Tidak ada review
1,Tidak ada review
4,tp brgnya lama sampainya...
4,Tidak ada review
5,Mantaaap gan...... New and Ori
5,Tidak ada review
5,Lumayan...pesen 80gb yang Dateng kok 111gb Bonuss
5,Tidak ada review
1,Tidak ada review
1,"Barang tidak dibungkus aman,pakai bubble hitam tipis jelek mudah sobek,wajar saja kalau banyak hardisk yang rusak,karena penjual tidak bungkus aman,di gudang kurir barang pasti dilempar2 tidak mungkin disayang2 taruh pelan2 ,karena barang ribuan, hardisk barang yang gampang rusak jika terkena guncangan, jika penjual tidak mau rugi, jual saja bubble ,agar aman,tapi bubble putih ya,jangan bubble hitam"
5,Tidak ada review
5,Tidak ada review
5,Tidak ada review
5,Terimakadih lazada Barang nya bagus
4,bagus
5,Tidak ada review
5,Tidak ada review
5,Tidak ada review
5,WD my passport sesuai pesanan dan dapat free hard case
5,Tidak ada review
5,Tidak ada review
5,Tidak ada review
5,bagua
5,"barang sesuai deskripsi. bagus. minusnya hanya masalah pengiriman yang agak lama. tidak seperti biasanya, walaupun barang dari LN."
5,Tidak ada review
5,Tidak ada review
5,Tidak ada review
5,Tidak ada review
5,baik
5,berfungsi baikk
5,Tidak ada review
5,Tidak ada review
5,Mantul kalau udah di bhinneka
5,bagus+pas
5,"cs ramah, cepat sampe, barang mantap"
5,Tidak ada review
5,Tidak ada review
1,Sangat kecewa pesan nya hello kitty yg datang malah hulk padahal sebelum nya udh chat dan bilang kalo hello kitty nya readyğŸ˜­eeh pas datang malah bedağŸ˜­
5,Tidak ada review
5,Tidak ada review
5,sip.barang cepat sekali sampai.hanya butuh 2 hari untuk sampai k balikpapan.thanks
5,"mantap, dicek berfungsi normal. mudah2an awet."
5,Tidak ada review
5,Tidak ada review
5,Tidak ada review
5,baguuuus oriiiii harga bersaing plus belinketika mid year.sales jadi lebiiih muraaah namun oriii thanks lazada
5,Tidak ada review
5,Tidak ada review
5,Barang sdh saya terima bagus sesuai dg iklannya
2,barangnya rusak ga bisa d pake
5,"Pengiriman cukup cepat, sesuai gambar dan kapasitas 2 TB, kualitas (sedang dicoba)"
5,Tidak ada review
3,Tidak ada review
4,sesuai dgn pesanan n cepat
5,Tidak ada review
5,Tidak ada review
5,Tidak ada review
5,Tidak ada review
5,Tidak ada review
5,Tidak ada review
5,Tidak ada review
5,sangat puas
5,Tidak ada review
5,Tidak ada review
5,Tidak ada review
5,Tidak ada review
5,Tidak ada review
4,suka amat model hello kitty bling-bling nya.bisa dipakai .makasih
5,Tidak ada review
5,Barang cepat diterima dan dalam keadaan baik. Recommended Seller
5,Tidak ada review
4,Tidak ada review
5,untuk pemakaian darurat lumayan bisa bantu..nyalain sebatang mah
4,Barangnya sampai dengan selamat dan berfungsi dengan sempurna...
5,Barang sesuai deskripsi & pesanan
5,Tidak ada review
3,Tidak ada review
4,sesuai pesanan
5,Tidak ada review
5,Barangnya bagus packingnya rapi sayaa senang sekali thank you
5,Excellent
5,Tidak ada review
5,Tidak ada review
4,Tidak ada review
5,Tidak ada review
5,usb diterima lebih cepat dari info yang ada.. barang nya ok dan sesuai dengan spek yang dicantumkan di lazada.. tks
5,"TheÂ productÂ isÂ goodÂ andÂ affordable.Â Nevertheless,Â thanksÂ Lazada..."
3,Tidak ada review
5,Tidak ada review
5,Tidak ada review
5,Tidak ada review
5,Tidak ada review
5,Tidak ada review
5,Tidak ada review
5,Tidak ada review
5,so far so good  Enough Capacity and working good
5,"You won't regret if you buy it, it's durable .Thanks Lazada !"
1,USB 8GB ini ga bisa di pakai
5,Tidak ada review
5,sesuai gambar sesuai harapan
2,Tidak ada review
5,"Satisfied with the product, the item was good.and so fast delivery"
5,"Barang sudah sampai dan bekerja dengan baik, trimakasih lazada"
5,Tidak ada review
5,Tidak ada review
5,bagus
5,Cheap price but high quality    ï¼Œï¼ŒWorking not bad
3,Status sudah dikirim tapi kok belum sampai ya
2,"semoga cepet sampai, dan semoga benerÂ² real 32gb"
1,Produk tidak sesuai dengan gambar.. Yang diterima LCD maupun menu berbeda 100%
4,Tidak ada review
4,Tidak ada review
2,Tidak ada review
5,Tidak ada review
3,Tidak ada review
5,Tidak ada review
5,Tidak ada review
5,"You won't regret if you buy it, it's durable .Thanks Lazada !"
5,Tidak ada review
3,Tidak ada review
5,barang bagus mantap
4,Tidak ada review
3,"Barang diterima dgn baik, overall berfungsi baik.  Tapi kok capacity storage nya cuma 57 Gb, gk sesuai tulisan 64 Gb."
5,Tidak ada review
1,Barang masih ada gk...????
4,Tidak ada review
5,Mohon di cek kembali sudah benar untuk harganya apa belum ?
5,Tidak ada review
4,Tidak ada review
5,Tidak ada review
5,ori.
1,Pesan tanggal 9 mei 2017. Maksimal pengiriman tanggal 12 mei 2017. Tanggal 12 mei 2017 jam 8 malam baru ada email bahwa pesanan saya dibatalkan oleh seller tanpa alasan apapun. Padahal barangnya ready tuh masih jualan? Buang-buang waktu orang aja. Seller yang gak niat jualan atau toko palsu ini kayaknya.
5,Tidak ada review
4,Untung dlu gw beli sisa 1 unit cuma 96ribu
4,"barang berfungsi dengan baik,hanya ujungnya agak bengkok"
3,ok
5,harganya saat itu lagi diskon terus juga ori. pengiriman cepat
3,"Sempet lama sih kemarin dilayaninnya hampir 2 hari,  Pertama liat kaget kerdusnya peyot peyot dan sempat khawatir juga kalau isinya bakal berabe, pas dibuka dan cek kondisi barang untungnya barang aman cuman packingan yang rusak, mungkin lain kali seller kasih perlindungan lebih untuk barang yang dikirim  Makasih lazada pelayanan cukup baik, lebih percaya belanja di sini"
5,barangnya bagus tidak mengecewakan barangnya cepat sampai terima kasih lazada pokoknya lazada yang terbaik
1,Sering error
4,"trims lazada,paket sudah diterima..."
3,Tidak ada review
5,Tidak ada review
5,Flasdisk ok
1,kapasitas 64 GB tidak sesuai dengan barang yang saya terima.. kapasitas flasdsik yang saya terima hanya 59 GB.. saya tidak merekomendasikan barang ini untuk dibeli krna tidak sesuai
1,Tidak ada review
5,so far so good  Enough Capacity and working good
5,"Sudah diterima beberapa hari yg lalu,, maaf baru review. Barang bagus sesuai gambar."
5,"Good quality of item ,,,fast delivery"
2,jujur gak ya ..... jangan ngarep hrga murah kualitas ok
1,"Barang jelek sekali. Harus nya 32GB, baru di isi sekitar 4 - 5 GB mulai jadi lambat, makin lama makin lambat.  Kalau di isi photo total dibawah 5GB masih ok, selebih nya error, tapi gak ada error notification, hanya waktu photo di buka, ""error opening"" Beli 5 unit, semua nya sama. Kapok."
5,barang goooood
1,"barang datang dicoba langsung off,ga usah deh beli produk ini"
4,barang bagus...semoga awet
5,Tidak ada review
3,Ini flashdisknya bisa buat apa aja kan
1,Setelah kami terima flashdisk 64 GB yg datang je tempat kami cukup lama .dan setelah dicoba tidak bisa digunakan atau rusak
5,"Satisfied with the product, the item was good.and so fast delivery"
5,barang goood
1,kecewa tapi saya ga bisa nyalahin selain diri sendiri.karena bali usb yg saya kira 64 giga ternyata 64 mb. diisi apaan? lagu2 aja ga muat. parah!!
5,Tidak ada review
1,hanya bs digunakan sebentar. udh itu gak tau jd gak bs dipakek.  trus tdk bs menyimpan semua file. hanya file2 tertentu yg bs disave dan diibuka kembali. kenbanyakan tdk bisa dibuka.
1,Masih jual 64mb
4,"Barang bagus, sesuai dengan yg di foto, suka :)"
1,Tidak ada review
2,"kapasitas tidak sesuai, paling cuma bisa nyimpan 16 gigaan"
1,Bad product
5,Tidak ada review
1,"Barang ini palsu, karena aslinya muatannya hanya 8 gb."
5,Tidak ada review
5,barang sesuai pesanan
1,mending jangan
3,Tidak ada review
5,Tidak ada review
5,Tidak ada review
5,Tidak ada review
5,Tidak ada review
5,datang cepat paket hemat rekomeded
5,Tidak ada review
5,flshdisk ajaib. sering hilang tp selalu blik. ğŸ˜‚
5,Barang sampe dengan selamat
1,penjual ini parah...pesanan saya dibatalkan sepihak...pengembalian dananya lama sekali...sy pesan 5buah cod ga ada masalah...ini sdh tidak bisa cod...dibatalkan...lama lg pengembalian uang saya...
5,"Barang asli, ada hologramnya. Packing bagus. Fast respons. Recommended seller."
3,"saya sangat puas, barang juga oke ...  makasih lazada"
5,Tidak ada review
4,Tidak ada review
5,thank youuu
4,Tidak ada review
4,Mantaapp sesuaii
5,"barang bagus, sesuai dengan gambar dan deskripsi produk"
3,Tidak ada review
5,"pake gojek langsung nyampe... sudah dicoba, di dalamnya ada aplikasi sandisk untuk mengamankan file gitu.. ngopy file juga cepat, jadi yakin ini ori.. dapat stiker NO SMOKING juga, mantap.."
5,"Barang sudah diterima, kondisi OK sesuai dengan pesanan..  thanks.."
5,Tidak ada review
4,Barang bisa digunakan dan dalam kondisi ok.
4,Barang nya sudah sampai...lumayan sih.. Thanks lazada
5,Tidak ada review
1,Udah 2 minggu pesan tapi blm sampe2 jg..... Telat banget
1,Yg dikirim malah newblack touch screen for samsung!
5,barang bagus ... berfungsi baik ... terimakasih ..
5,Tidak ada review
3,Tidak ada review
5,"pesanan sudah sampai, terimakasih banyak .."
1,"Barang belum di terima, tapi ada notifikasi barang sudah diterima. coba cek dulu baik2 sebelum send notifikasi. Dulu pesan tas anak merk onlan, jasa pengiriman lewat LEX, alhasil barang di send balik ke pusat, alasan katanya kantor gak ditemukan ( Buset, Hotel Besar di Pusat Kota Makassar Gak ketemu). sekarang pesan FD,jasa pengiriman LEX, barang belum di terima, tapi ada notifikasi sudah diterima. hadehhhh...."
5,"Nice ,,I like"
2,Ini asli 32 GB gan?
1,Tidak ada review
5,bagus
5,"Nice design , Engough 256MB,,,just what I want ."
3,Tidak ada review
3,Tidak ada review
5,Tidak ada review
1,Saya ingin membatalkan pesanan produk ini.
5,Brg sdh dtrima on time. Lbh baik dr pd yg kabel krn lbh praktis. Thx lazada...
2,Murah meriah
3,"murah, tpi kuningannya sering lepas...lemnya kurang kuat"
2,Tidak ada review
5,Tidak ada review
5,Tidak ada review
5,Tidak ada review
1,jelek.. ilang2 terus data dibuatnya
4,Tidak ada review
3,Tidak ada review
2,Tidak ada review
1,"Kecewa berat pokoknya, buat lu pada yg mau beli pikirÂ² dulu aja, gua saranin sih kga ush dibeli Respon lama, tadinya mau buqt kado malah jadi kga ngado.... Salernya kebanyakan mecin"
5,Difoto ada penutup fd nya. Aslinya tdk adaaa !
5,Tidak ada review
5,Kecil dan sangat unik dan mini. Sesuai dengan harapan
5,Very good item ..Delivery faster than I expected.
5,Tidak ada review
5,Tidak ada review
5,Its ok its good for me. thanks lazada Working well and delivery very fast
5,"Sesuai gambar, harga terjangkau"
1,"Ditulis Hanya 1 unit yang tersisa, ketika dipesan, 4 hari baru ada pemberitahuan pembatalan pesanan dari pihak lazada."
5,Tidak ada review
1,Udh hampir 2 minggu barang tak kunjung datang
5,Tidak ada review
5,Sudah 2 minggu blm terima barangny...terus transfer dengn jumlah uang pembayaran 2pcs....tp d keterangan jumlhny cuma 1pcs
5,Tidak ada review
5,Produk sudah sampai sesuai estimasi. produk sesuai dengan gambar dan deskripsi. Makasih lazada
5,"barang sangat bagus n sangat simpel... saya suka banget, recoment... g usa mikir lg untuk beli, ini aja ma niatan beli lagi but cadangan...."
5,Tidak ada review
3,Tidak ada review
5,Tidak ada review
1,"Saya pesen barang ini dengan nomor pesanan #3493221742 , yang nyampe malah ukuran 16GB.  Mohon dapat diproses lagi untuk penggantiannya."
5,Tidak ada review
5,Tidak ada review
4,"Barang sudah diterima,  Sesuai dengan gambar, barang bermanfaat  Saya jadi suka belanja online disini, lazada tetap jadi yang terbaik"
5,Barang cepat sampai dan packing sangat rapih
5,Tidak ada review
5,Produk sudah digunakan dan berfungsi sangat baik
4,Saya puas skali dengan barangnya....tapi Jne nya yg lama
1,Yang dipesan 128 Gb yang tiba 64 Gb... penipuan ini namanyA!!!
2,"Uang udh 10 hri blm di kembalikan, proses lama kaya keong"
2,"produk bagus dan original, namun pengiriman lama benget kurang lebih 1 bulan, baru sampai"
5,Tidak ada review
4,Tidak ada review
4,"Barangnya cepet sampe, 2hari lgsg nyampe rumah. Bagus jugaa brgnya, cuma buka penutup flashdisk agak susah&agak susah untuk dicabut dari laptop"
5,"Sudah dipakai selama berbulan2 ga ada masalah dan lancar2 aja, sengaja kasih rivew lama biar jadi bukti kalo barang disini memang bagus"
5,Tidak ada review
5,Tidak ada review
4,Tidak ada review
1,"kecewa lahh, seperti ufd palsu, padahal spesifikasi yang dilampirkan di web original. contoh cover pack warna hijau, sedangkan yang dikirim warna merah. file hasil copy nya selalu corrupt. katanya ""best seller"", tapi kualitas mengeccewakan. baru kali ini beli di lazada mengecewakan. SAYA MINTA DITUKAR BARANGNYA DENGAN YANG SESUAI DI SPESIFIKASI"
5,Barang cepat sampai..  Sesuai pesanan.. Lazada memang ok!!
4,"Barang telah sampai dengan packing rapih dan aman, barang juga dalam keadaan baik ."
5,Tidak ada review
5,"barang sesuai pesanan, pengiriman cepat n rapi, thanks"
5,Tidak ada review
5,Tidak ada review
5,Tidak ada review
5,"Flashdisk ori, Packing bagus. Saya suka.Thx"
2,Tidak ada review
5,Tidak ada review
2,Gambarnya tidak keliatan
3,Tidak ada review
5,Tidak ada review
5,Tidak ada review
5,Tidak ada review
3,Tidak ada review
5,Tidak ada review
5,baik berfungsi dengan baikkk
5,ga bisa untuk save PDF file
5,Tidak ada review
5,"I like this design ,,, So convenien."
4,mantap sampai tujuan rapih kemasan nya
5,Tidak ada review
5,Tidak ada review
5,Tidak ada review
5,Tidak ada review
5,Tidak ada review
5,Tidak ada review
2,Ori ngga ka?
5,good
5,"Excellent delivery, flashdrive good working  put in PC"
1,"Barang ini jgn di beli, nyesal ntar. barang gk bisa kepakai."
5,Tidak ada review
5,Tidak ada review
5,Tidak ada review
1,"hanya bertahan 3 bulan.., setelah itu rusak.,"
4,Tidak ada review
2,Tidak ada review
5,Tidak ada review
5,Tidak ada review
5,Tidak ada review
5,Thanks lazada sesuai pesanan dan harga yg terjangkau.  Succes selalu lazada
5,"Barang cepat sampai, mantap deh pokok nya"
5,Tidak ada review
1,Tidak ada review
5,Sesuai ekpektasi. mantab jiwa
1,produk ini bagus di awal tapi pemakaian 2 minggu sudah mengalami masalah.  1. file yg dicopy sering korup 2. banyak file yg masuk dan sekitar 80%tidak terbaca 3. tidak bs digunakan untuk copy langsung ukuran besar (pasti ngadat) 4. skrg tidak bs digunakan karena semua yg dimasukkan tidak dapat dibuka 5. beberapa file hilang sendiri. semoga tidak ada yg terkena masalah seperti ini lagi.
5,Tidak ada review
5,Bagus banget. Puas lah tapi kecil banget.
5,produk sesuai dan sampai tepat waktu
1,Tidak ada review
5,Tidak ada review
1,"Saya pesen USB flashdisk Toshiba 8GB untuk hadiah orang, ternyata setelah di cek kapasitas-nya cuma 128MB. Harga memang murah, tapi hati-hati waktu terima barang. Kecewa berat. beli 3 pcs, 1 gak ke detect, 2 gak bener. :-("
1,"Udah pesen nunggu seminggu, pesanan dibatalkan gara2 barang gak ada.... Ribet uangnya Wes... Harus tunggu2.."
5,Tidak ada review
1,Power bank tidak dapat digunakan..
1,bisa Di Ganti Mi Sama Flash yang Lain cuman flash Distnya Saja Min
5,Tidak ada review
5,Tidak ada review
5,Tidak ada review
4,packing'an nya kurang rapih. Tp untuk flashdisk nya bagus ga ada masalah
5,Tidak ada review
1,Lazada atau penjuannya yg koplak! Barang belum diterima dibilang sudah diterima!
1,Mgkn krn produk negeri luar ya...sy nrimanya agak lama...
1,kecewa sekali
3,otg nya kok tidak bisa konek y..
5,"barang bagus, sesuai pesanan"
1,"Tidak bisa,dipakai alias rusak"
1,ukuran 32gb tpi ngisi data yg 8gb ajjh gk muat krna udh bnyk virus pdhl di pke jg blm .. mhl doank .. pas saya nyimpen fto bkn nya kesimpen mlh ilang smuaa!! nyesell bli ..
5,Material Perfect Packing Bad
5,Tidak ada review
1,BARANG NYA GK BAGUS.
5,Tidak ada review
3,Tidak ada review
5,Tidak ada review
5,Tidak ada review
5,Tidak ada review
4,Tidak ada review
1,ini flasdisk opo!!!!  flasdisk kok ora iso di buka isi filenya!!!... buang2 uang ae.
5,Tidak ada review
5,Tidak ada review
1,"2X saya memesan barang. dari seller ini, dan 2X dibatalkan. pertama saya pesan hnya dari seller ini. kemudian setelah dibayar malah dibatalkan. sy pikir kesalahan sistem. lalu saat saya pesan yang ke-2 kali, saya kombinasi dengan seller ini dan seller lainnya. alhasil ternyata hanya pesanan dari seller ini yang terbatalkan. ternyata masalahnya emang ada di seller ini. belanja online itu paling ribet kalau refund"
5,Tidak ada review
1,Dari sekian bnyak barang yang saya beli di lazada... cuman di toko ini yang paling parah..... pengiriman lebih dari estimasi. Barang yang di kirim pun cacat.. bener bener cacat..
2,Sudah 2 hari pemesanan kenapa statusny masih di proses ya?
1,Tidak ada review
5,Tidak ada review
5,Tidak ada review
2,Pb Slim nya merek APA Klo Boleh tau dan brp MAHH nya gan
5,Barang ini blm saya terima
1,barang tidak sesuai item dan sangat mengecewakan...walo kebaca cuma satu data video yg bisa diputar.selebihnya gak bisa
1,"File yg dipindahin k flasdisk hilang sendiri,, g kepakai, rugi jadinya"
1,"flasdisk rusak/error, klo barang rudak tolong jgn di jual"
5,Tidak ada review
1,"mini peluit trendy, usb 4 GB sudah saya terima sesuai pesanan, terima kasih."
5,Tidak ada review
5,Tidak ada review
4,"Original asli, cuma pengiriman nya lamaaaaaa"
5,Tidak ada review
1,Di tqwarka original ternyata kw kekuatan nya sdh terbayang pasti takut sm file penting klo di simpan di flasdik ini
5,Barang kualitasnya bagus. Saya senang dan puas. Tksh.
5,flashdisk Nya gak bisa simpan lagu/video alias tdk bisa di pskai
5,Barang udah nyampai peking bagus barang memuaskan walau lama nyampainya
3,biasa aja
1,Dari 2 flasdish hanya 1 yg berfungsi dgn baik. Yang lainnya tidak bsa digunakan.
1,barangnya tidak berfungsi
5,Bagus Barang sesuai dgn item yg tertera Dan yg diminta
1,barang gak sesuai dan gambar...
5,flashdisk ringkas/compact. kapasitas dan performa sesuai harapan.
5,Tidak ada review
1,gak bisa kebaca dh disimpan pas dibuka di pc lain data nya gak ada
5,"Barangnya lumayan berat dan bagus sih, cuma permatanya hilang 1 ğŸ™"
4,Tidak ada review
5,good
5,Tidak ada review
2,Pengiriman produk sangat lama
4,Tidak ada review
1,Tidak ada review
1,Tidak ada review
4,Tidak ada review
1,barang belum saya terima. mohon bantuannya gan. terimakasih
1,Tidak ada review
1,Tidak ada review
5,Tidak ada review
5,Tidak ada review
5,Tidak ada review
5,Tidak ada review
5,"Saya suka,bermanfaat bgt...usul kuotanya ditambah lg bt ruang penyimpanannya..."
5,Tidak ada review
5,paket ya aman
5,Tidak ada review
5,Recommended
5,barangnya ketrima ok sesuai
5,bagus
5,Tidak ada review
5,"Packing aman, barang sesuai..."
3,Tidak ada review
5,rekomendasi sekali ini!! puas sekali kendala busy gk terlalu lg harga murah sangat. dan vidio lbh lncar dan cepat. barang sangat2 super cepat sampai padahal jauh d malinau. terima kasih
3,lumayan
5,Tidak ada review
5,Tidak ada review
5,Tidak ada review
5,Tidak ada review
5,cocok sesuai pesanan
4,yang kami inginkan merah yang dikirim biru
1,Tidak ada review
5,Tidak ada review
5,Tidak ada review
5,Tidak ada review
5,Tidak ada review
1,Tidak ada review
3,Tidak ada review
1,"barang ga sampe ke saya, gtw nyampenya kmana"
5,Tidak ada review
3,"Barang sudah di terima, untuk saat ini masih normal. Untuk transfer data agak lelet, tapi tetap bisa digunakan. Wajar saja, ini kan barang bukan barang ori."
5,ga bisa di pake
5,Tidak ada review
3,tepat
5,Tidak ada review
5,Tidak ada review
3,barang sesuai dg yg dipesan..pengemasan baik dan rapi..walaupun sampe nya lebih 2hari dari estimasi terlama
1,Paket lama sekali
2,Tidak ada review
5,Tidak ada review
1,Gak bisa nyimpan data kayaknya flaadish bekas ya padahal saya sudah sering kecewa belnja d lazada
4,Tidak ada review
5,bos pesanan merek sony yang datang kok merek toshiba murahan?
5,Tidak ada review
5,"packing rapi, barang cepat sampai, sesuai pesanan, terima kasih."
5,"packing rapi, barang cepat sampai, sesuai pesanan, terima kasih."
5,Barangnya bagus. Berfungsi dengan baik
5,Tidak ada review
5,Tidak ada review
5,Tidak ada review
1,Kecewa
4,"Minta warna hijau seperti gambar, tapi yg dikirim warna merah."
5,bagus
5,paket sudah mendarat
1,Tidak ada review
5,Tidak ada review
1,Barang yang datang tidak sesuai dengan pesanan.  Yang saya terima hanya 1 potongan plastik warna hitam sepanjang 20cm dengan bentuk tidak jelas.
5,Tidak ada review
2,"bungkus nya tidak profesional .seharusnya memakai gelembung"""
4,Tidak ada review
5,Tidak ada review
5,Tidak ada review
5,Tidak ada review
4,Barangnya sudah diterima dengan baik
5,barang diterima dengan selamat dan sudah dicoba
2,Saya pesannya flashdisk Kunci tp datangnya koq model kartu ???
5,Tidak ada review
5,Tidak ada review
5,Oky terimakasih Lazada barang udah diterima sesuai dengan
2,"packing rapi, tp barangnya agak cacat bagian ujung flashdisk kebuka. semoga aja ini awet"
5,Tidak ada review
5,Tidak ada review
3,Tidak ada review
5,Tidak ada review
5,Tidak ada review
5,Tidak ada review
5,pas banget
5,barang sesuai pesanan
5,"packing rapi, barang cepat sampai, sesuai pesanan, terima kasih."
5,"packing rapi, barang cepat sampai, sesuai pesanan, terima kasih."
5,Tidak ada review
4,Barang sesuai
5,It's working well
5,Matap barang cepat sampai..puas lazada
5,Tidak ada review
4,Awesome
5,Tidak ada review
1,Hdd Saya Jadi Rusak Karena (Baru Sadar) Pcb Hdd Nempel Pada Logam Ini
5,Tidak ada review
5,"barang sudah diterima, mudahan berfungsi"
1,". kecewa yang dteng tidak sesuai dengan pict.a, terus gak bisa kepakekğŸ˜­"
5,Tidak ada review
5,"Bagus, dan bisa OTG...  kecepatan data tranfers juga bagus"
1,barang gak bagus... kapasitas gak sesuai
4,Tidak ada review
5,Tidak ada review
5,sip befunsi barangnta
5,Tidak ada review
5,barang sesuai discripsi
5,Tidak ada review
5,Tidak ada review
5,Tidak ada review
5,Tidak ada review
3,paket diterima dengan baik dan cepat tapi sayang file 2 yang disimpan dalam memori tersebut mudah hilang !! kecewa dengan kwalitas ini barang!
5,Tidak ada review
5,Tidak ada review
3,Tidak ada review
5,bgus.... cpt pngirimanx
5,Tidak ada review
5,Tidak ada review
5,Tidak ada review
2,Tidak ada review
5,"barang bagus dan sesuai, mantap ğŸ‘ğŸ» recomended seller"
5,Tidak ada review
5,"Produk tiba dlm kondisi baik, dan berfungsi sesuai dgn harapan... thnx ğŸ™‚"
5,mantap
5,Tidak ada review
1,"Pesannya 32 GB, yg datang 64 GB, sayang nya gak bisa nyimpen data, kecewa banget, terima kasih Lazada"
5,"barang datang,begitu dipakai ternyata eror !! bagaimana ini ? bisa tukar nggak ?"
5,Tidak ada review
5,Tidak ada review
5,mantap
4,"bagus, tapi rada aneh aja tuk kapasitas memorinya secara KB terbaca sekitar 64.000  Kb"
5,Tidak ada review
5,Barang nya bagus keren bngt
5,"produk original resmi ,,cpt sampai pula .."
2,Tidak ada review
5,barang sampai dengan slamat dan lengkap sesuai pesanan tanpa kekuranganğŸ—½ğŸ—½ğŸ—½...
5,tak tau ini ori atau ngga nya.
5,Tidak ada review
5,Tidak ada review
4,Tidak ada review
5,Tidak ada review
5,mantap
5,Tidak ada review
5,Tidak ada review
5,Tidak ada review
5,Tidak ada review
5,terima kasih barang sudah sampai... dan sudah saya testing... semoga awet
5,Tidak ada review
4,Tidak ada review
5,Yg ditrima kok TOSHIBA? Tidak sesuai dgn yg diminta merk HP.
1,Belum di terima siapa penerimanya
5,Berfungsi dengan baik.
5,Tidak ada review
2,32gb? ternyata 16 gb doang :( kecewa
5,Tidak ada review
1,barang udah sya terima td jam 11:19 tp sya kecewa bngt gan flashdisk'memoryY knp nga bs dsmpn
5,Zesuai gambaR
5,Tidak ada review
5,Barangnya original..
5,Tidak ada review
5,"mantap barang sesuai dengan pesanan, sangat di rekomen buat di beli"
5,Tidak ada review
5,"lumayan bagus, bintang yg bicara"
5,Tidak ada review
5,Tidak ada review
5,Tidak ada review
1,"sangat mengecewakan...,pesan flash yang datang casing, jangan beli di toko ini kalo g mau tertipu juga"
5,Tidak ada review
5,Tidak ada review
5,bagus
4,Tidak ada review
5,Tidak ada review
5,Tidak ada review
3,Lumayan kecil...
5,Tidak ada review
5,barang cukup bagus sudah di coba dan berfungsi dengan baik
2,Flash disk terlalu kecil bisa dipakai.OTG tidak bisa dipakai.gmn cara mengembalikan?.lain kali kalau kirim dicek dulu.
5,sesuai deskripsi nyala Ok.  charger Ok.. . tqs Lazada.. trims Seller..good packing
5,bonekanya lucu
1,Tidak ada review
2,Tidak ada review
5,Okelah
5,Sesuai.. Makasih Lazada
5,Tidak ada review
5,"Gimn cara nya datg sms paketan dahbterima, dr hongkong ya, aq blom terima barang nya. Mohon bantuan nya lasada, udah lama lg nunggu nya, tolong di hubungi kembali, saya blom terima barang pesanan saya."
4,produk okay
5,"Barang diterima dlm kondisi dan berfungsi baik, semoga awetğŸ‘"
5,Tidak ada review
5,"Thanks bos, udah saya terima, sesuai pesanan...mantul"
3,Tidak ada review
1,rusak ... sim cartnya rusak gk bisa di pake... minta ganti dong... ğŸ¤‘
5,Tidak ada review
5,Tidak ada review
5,Tidak ada review
5,Barangnya sudah tiba dengan baik. Flashdisknya bagus dan utamanya berfugsi dengan baik. Terima kasih untuk Lazada dan Sellernya.
5,sdh dicoba tapi ada bbrp lagu yg g bs loading... ok lah...
3,Tidak ada review
5,Tidak ada review
5,"Pertamanya ragu....tp setelah datang barangnya datang, lgs test...wow....its complite.......good job....tq seller..."
5,Tidak ada review
5,sy blm terima pesanan ini ttp imformsinya sudah rerima? tlg bantu ya
5,barang sangat bagus
5,lampu tiba2 mati..langsung tidak berfungsi
5,"barangnya ori,  bagus,  pengirimannya cepat,  terima kasih seller dan lazada"
5,All good and no problem at all!
3,Tidak ada review
5,Sangat oke dan bermanfaat
5,bagus
5,Tidak ada review
5,Tidak ada review
5,"berfungsi dengan baik, sesuai deskripsi."
5,Tidak ada review
5,Tidak ada review
5,Tidak ada review
5,Sangat puas sesuai dgn pesanan thanks seller n Lazada
3,Tidak ada review
5,Tidak ada review
5,"berfungsi dengan baik, sesuai deskripsi."
4,"barang bagus sesuai deskripsi, hanya saja saya tak dapat memakainya di Hp xiaomi note 5 sebab mounting mini USB note 5 yg tipis, sementara OTG yg saya beli mounting mini USB nya agak besar sikiiit aja. Pengiriman J&T sekarang lama, biasa ke Tanjungpinang 4 hari saja.....ini nyampai 5 hari."
3,"Barang nya udah sampe,koq langsung ke hp ga bisa ya?saya order biru dtng nya merah..eehhhmmm.."
5,"bhinneka, baru sehari dipakai flashdisknya eror write protected setelah copy data. apa bisa di garansikan?"
5,Tidak ada review
5,Tidak ada review
5,Tidak ada review
5,Tidak ada review
5,Tidak ada review
5,sesuai. bagus dan lucu
5,Mantul
3,Tidak ada review
1,Tidak ada review
5,Tidak ada review
5,Tidak ada review
1,pengiriman lama dan kapasitas tidak sesuai
3,FLASDIK TIDAK BISA D FORMAT
5,Kecewa katanya usbnya 128 gb tp ternyata 119 gb gak sesuai dg pesanan kita
5,barang jelek...
5,Tidak ada review
1,Tidak ada review
5,Tidak ada review
5,Tidak ada review
5,Sangat bagus barangnya. Cepat pengiriman barannya..
4,Lumayan sesuai. Cman ga bisa nymbung otg ke ponsel
5,bagus
5,Tidak ada review
5,Tidak ada review
5,Tidak ada review
5,Tidak ada review
1,"kecewa bgt dah pokoknya pengiriman nya lama , udh lagi mesen yg 64gb yg dikirim 32gb . pas dicek ternyata cuma tulisan doang 32gb , ternyata asli nya malah 500mb . parah syekali modusnya"
1,"mengecewekan, jgn beli lg di toko ini...boong, kalau bisa toko ini di blokir aja...."
5,"Tidak memuaskan, suli dicolokkan ke laptop, ukurannya kecil. Makasi"
2,wk...wk gak seperti yg di bayangkan
5,Tidak ada review
1,"kecewa berat, katanya 64 GB ternyata hanya 2 GB pokoknya kecewa ğŸ‘ğŸ‘ğŸ‘ğŸ‘ baru awal beli barang di lazada udah kena tipu"
5,Tidak ada review
5,Tidak ada review
5,Tidak ada review
5,Tidak ada review
2,Tidak ada review
2,layar/screen nya pecah dan barang sdh di kembalikan ke SeMART Komp... sy tunggu laptopnya dikirim kembali yg sesuai dgn permintaan sy
5,Tidak ada review
5,barang original dan berfungsi dengan baik...
3,"Visual: barang mulus dan bagus Kelengkapan: hardisk sudah bukan ori Thinkpad, tas ada, charger ada Fungsional: Window 7 plus office lengkap, driver ok, battery tahan 5 jam."
1,Tidak ada review
1,Tidak ada review
5,Tidak ada review
4,Tidak ada review
5,ok
5,Tidak ada review
4,Tidak ada review
5,"mas ini flasdisknya udah sampai tapi dikirim film kok filmya ngk bisa diputar, vidio yang disimpan di folder tiba tiba hilang kenapa ya mas bisa beri pe"
1,Saya belum menerima paket sy ..tp diulasan sudah terkirim. Dibukti pengiriman tertulis hanya satpam. Biasanya bila yg menerima satpam dia menulis namanya. Satpam diperumahan kami amanah. Ini siapa yg tidak jujur..kurir atau seller? Saya sangat kecewa dan marah.. baru kali ini sy tertipu belanja dilazada
5,Mudah2an
5,paket diterima dlm keadaan baik ..terima kasih
1,Ini bohong...bukan 32GB tapis lebih kecil.  Kalau saya hitung elkuran filenya lebih kecil Jadinya jangi barang
5,Sudah sampai ternyata dan barang bagus banget
5,Tidak ada review
5,Tidak ada review
5,Tidak ada review
5,"mantap sesuai ekspektasi,."
4,Tidak ada review
5,Tidak ada review
5,Tidak ada review
5,Tidak ada review
1,"flashdisk error dijual, tdk brfungsi cm jd rongsok..."
1,"barang pas diterima bagus, tapi pas udah di pake error mengecewakan kalo nyimpen foto atau lagu selalu ilang sendiri atau keformat"
5,Tidak ada review
1,barangnya tidak berfungsi sama sekali. tolong donk kalau mau jualan itu yang jujur.
5,Tidak ada review
5,barang sudah saya terima dengan kemasan baik
5,Bagus Berfungsi dengan baik
5,Tidak ada review
5,Tidak ada review
5,Barang sudah saya terima. Seller respon cepat. Saya dikasih bonus sarung tangan hehe. Pembelian ke 5. Barang sesuai deskripsi. Class 10 real. Recomended nanti beli disini lagi.
5,Tidak ada review
1,kabel OTG tidak dikirim...sy kecewa
5,Top
5,"ngak nyesal belanja, barangnya sampai tepat waktu"
5,"puas banget dengan barangnya, pengiriman juga cepat banget"
5,"penjualnya respon sekali, pengiriman cepat barang sesuai dengan gambar"
5,"barang nya bagus banget, pengiriman cepat"
3,Tidak ada review
5,Tidak ada review
5,Tidak ada review
5,sesuai dg harga mantap kali
5,Tidak ada review
5,Tidak ada review
5,"terima kasih, pengiriman cepat,"
5,Tidak ada review
5,Produk Bagus dan Original
3,Ternyata kecele dg produk ini. Cm ada colokan utk usb tipe c (untuk masuk ke hp) aja tdk ada colokan usb standar utk di sambungkan ke laptop. Kurang etail baca deskripsi produknya
5,Tidak ada review
5,Tidak ada review
5,Tidak ada review
5,"Ciri2 keaslian uda jelas. Barang bagus work well. Kapasitas gak mgkn ada yg pas 64gb klo ada yg  pas at lebih gw malah curiga itu bkn barang ori. Puas klo dapet barang ori patut dicontoh itu penjualnya, trims..."
1,Gak bisa dipakai. Begitu copy filenya hilang
5,"Respon cepat , barang sesuai Pesanan, mantap ğŸ‘ğŸ‘ğŸ‘"
3,Tidak ada review
5,Tidak ada review
5,mantul mas bro
5,Tidak ada review
5,Kcwaa produk ga mbaca failnya...
5,USB sudah dicoba. Lumayan bagus. Kapasitas mendekati 32 GB. Keseluruhan OK.
5,Tidak ada review
5,bisa. sip
5,Makasih gan terbaca sempurna .terima kasih seller .jayalah lazada
5,produk oke banget
5,Tidak ada review
5,Tidak ada review
5,Tidak ada review
3,mudah2an tanpa kendala
5,barang sesuai...
5,"Otg flashdisk'y gk dikirim, katanya habis.. Gimana cara refund nya gan..??"
5,"barang bagus, real capacity."
5,Tidak ada review
5,Tidak ada review
5,barang bagus sesuai iklan
2,"Memang harganya cukup terjangkau untuk ukuran kapasitas 32GB, tapi untuk kualitasnya mengecewakan. Flash disk bisa menyimpan file, tapi beberapa file langsung corrupted karna ber-virus. Beberapa kali menyimpan file langsung corrupted dan tidak bisa dibuka."
1,"Kapasitas asli hanya 118.7 MB, jika mengcopy file lebih dari ukuran tersebut akan corrupt -_-"
5,Harga murah tapi gk murahan .terbaca dengan baik.terima kasih lazada dan seller
5,Kapasitas real .terbaca dengan baik.
5,blm dicoba
4,Tidak ada review
5,Terbaca dengan baik.terima kasih
1,Tidak ada review
5,Tidak ada review
1,"luarnya ok, kapasitas ok tapi sayang tidak bisa simpan video."
5,Tidak ada review
5,Bentuknya beda sm yg digambar..tp no pronlem lah yg pnting bisa dipake..
2,Tidak ada review
4,Tidak ada review
3,kkkkkkkk
5,Tidak ada review
5,Tidak ada review
5,"bagus,semoga awet dan tahan lama,thanks LASADA"
5,Tidak ada review
5,produk good dicoba langsung connec
5,"produk bagus, pengiriman cepat"
5,pengiriman super cepat barang oke
5,Tidak ada review
2,Tidak ada review
5,"barang sesuai deskripsi, berfungsi dgn baik, pengiriman tanpa masalah, tapiii sayang hp saya konektor nya VOOC jd gg kepakai.. secara keseluruhan OK.. TERIMA KASIH.."
5,Tidak ada review
5,"Produk bagus, Original, sesuai dengan deskripsi"
5,Tidak ada review
5,Tidak ada review
5,"mantul bener,pengiriman cepat,ke papua cuma 4 hari"
5,Tidak ada review
5,Puas
5,Tidak ada review
1,"apaan flashdisk dr hongkong? ini namanya flashdisk?  pesen 1 flashdisk sama mainan kok dikirim mainan semua, mana sama lagi ğŸ˜‘ mao dipake flashdisk nya, mohon pertanggung jawaban nya!"
5,barang uda sampai
5,"Barang tdk ada yg jadi , tidak bisa menyimpan data , kapasitas 62 gb tp data tdk terbaca / tdk bisa menyimpan data ....maklum barang kw"
5,Tidak ada review
5,lancar jaya buat di pakai
5,Tidak ada review
5,Tidak ada review
1,Tidak ada review
5,Alhamdulillah sesuai gbrnya
5,Tidak ada review
5,Tidak ada review
5,Tidak ada review
1,Tidak ada review
3,"Sayang bgt gan,, di hp q vivo y53 gak suport,,"
4,Tidak ada review
5,"sedikit sedih, flashdisknya harus hape samsung"
5,Tidak ada review
5,Tidak ada review
5,Lucu. Dan bisa berfungsi dengan baik. Walaupun agak lama sampenya.. Saya suka
5,Tidak ada review
5,"baguuus,barangnya sesuai dengan gambar,tapi belum di cobra."
5,Tidak ada review
5,Tidak ada review
5,Tidak ada review
5,Tidak ada review
5,Tidak ada review
5,Tidak ada review
5,"Sangat cepat pengirimannya,pesan terakhir datang paling dahulu."
5,"Barangnya sudah sampai, kwalitas juga ok. mkasih ya"
5,Tidak ada review
4,Tidak ada review
5,"barang datang dg selamat,,he he ada gratisnya juga ..mantap pokoknya"
5,sesuai deskripsi
4,Tidak ada review
2,Biarkan Bintang yang bicara
4,Tidak ada review
4,Tidak ada review
5,mantap
5,mantab.. kurir nya super bae n ramah
5,Tidak ada review
5,Tidak ada review
1,mengecewakan barang rusak gak bisa di pakai kualitas sangat buruk
5,Tidak ada review
1,"Produk bohong, Free OTG tidak ada, mohon di ban toko kayak gini lazada"
5,Tidak ada review
5,Tidak ada review
3,Tidak ada review
5,sangat memuaskan
5,Tidak ada review
5,Tidak ada review
5,mantap
5,ok
5,pelayanan seller sangat memuaskn
1,Barang nya nggak sesuai dengan gambar
5,Mantul gan barangnya....
5,mantap barang bagus. kemasan pakai plastik buble. rapi dan pastinya sesuai harapan. rekomendasi seller. tks layanannya
5,sudah ditrima dg selamat....real pick sesuai gambar terimakasih lazada.
5,mantap real kapasitas terbaca dengan baik
5,Tidak ada review
5,Tidak ada review
5,Tidak ada review
5,Tidak ada review
2,kpn datang lagi
5,Barang sesuai deskripsi dan berfungsi..terima ksih lazada dan juga seller
5,manttaaaaaappp semoga awet
5,"LAZADA Hi item ready, u/ pemesanan add whatsApp: 0853-1403-1165 respon langsung aman dan terpercaya. Proses cepat Happy shopping. LAZADA.CO.ID         Terima kasih."
5,"Produk memuaskan, harga termurah kualitas juarah.. meskipun sempet dapet barang defect langsung ditangani dgn cepat"
4,Berapa inci itu barang boz
5,Tidak ada review
5,Tidak ada review
1,"Hi We are not receive the TV, but you remarked that goods already received."
5,Tidak ada review
1,"harganya ternyata sangat mahal dibanding dg online shopping lain, terutama yg inisial T. Sangat menyesal"
4,"Penjual dichat berkali2 g bales, padahal udah di read. Dikacangin, begitu dpt uang lgsg kaburrr.."
5,Tidak ada review
5,"Barangnya bagus, mulus, uji coba dengan wifi aman lancar. Tapi untuk bluetoothnya kenapa tidak bisa."
5,Tidak ada review
5,"Barang bagus mantep , gk usah beli tv androit cukup pakai alat ini wis bagus"
5,Tidak ada review
1,"Tv nya dmna pak,,saya hanya menerima surat invoice aja, tapi barangnya gk ada.mohon untuk ditindak lanjuti."
1,"KECEWA..., merk yg dipesan MITO.., yg datang/dikirim merk COOCAA"
5,Tidak ada review
3,Everthing is OK.. Thanks Lazada..
5,Tidak ada review
5,Tidak ada review
5,Tidak ada review
5,like
5,Tidak ada review
5,Tidak ada review
5,Tidak ada review
4,Ni klo cicilan syarat ny ap aj bos
4,"Pengiriman sangat cepat. Barang diterima sesuai. Saya pesan minggu malam jam 23, barang diterima esok hari di hari senin via gojek jam 15"
5,Sesuai harapan
3,Tidak ada review
5,"Imformasi!!! Krn maraknya Wa""spam bbs mengaku dr lazada, maka km dr lazadaco. Id. Mengeluarkan WA trbaru 0853-1524-3866.spy kmi bs merespon and dg cepat, jd yg ingin psn baran slhkn chet kmi,disini jg layani.And belnja dgn yg lain itu diluar tnggung jwb lazada.trima kasih perhatiannya Hti""penipuan."
5,"Bagus..sesuai yang digambarkan. Packing rapih. Over all it's ok, Thanks LADAZA."
5,Bisa ga saya ambil televisi ini d ngan di kredit
1,Tidak ada review
5,Tidak ada review
5,Tidak ada review
5,Terima kasih pengiriman nya sangat cepat dan barangnya memuaskan bagus bngt thx Semoga makin jaya LAZADA
1,"seller incapable to keep his product page clear: the TV shown is not 43K5002, it is the 43K5100. I thought it is so I bought it. Turned out that it was the wrong one. having all the hassle of bringing a 43 inch TV to the post office for return. thanks a lot! BTW delivery of the TV was aligned with the courier for 10pm and I waited until 11pm but he never came. Waste of time! He brought it the next day without notifying me ahead - instead he was terrorizing me by phone why I am not home to receive it. WTF"
5,Tidak ada review
5,Boleh kredit bang
5,Tidak ada review
3,Gmna
5,"Saya sdh mengetes tv ini, baik siaran analog ataupun digital, juga internet sperti youtube atau pun situs berita dengan browser bawaan berjalan lancar. Yg belun berhasil dites adalah fitur MHL dan Screen Mirorring karena membutuhkan perangkat mobile yg mendukung fitur tsb."
3,suaranya blm teruji
5,Tidak ada review
5,"pengiriman cepat, barang sesuai gambar dan pengemasan baik dan rapi"
5,"mudah dipakai. gambar tajam, banyak fungsi tambahan seperti digital tv ,digital cable tv, digital satellite tv receiver yang udah inbuilt. didukung speaker yang hebat. harga terjangkau. luar biasa. sayang banyak yangbbelum tahu"
2,Mohon petunjuk nya
5,"Bagi Yang Minat Order/Pesan Barang Kami,Silahkan Add WhatsApp/WA.085200343400..Langsung Dari Reseller Toko..Terimah Kasih."
3,Klo ke toko di bali bisa lewat home kredit?
5,Tidak ada review
5,Tidak ada review
5,barang udah d rakit...tinggal cek doang sebelum.x saya ucap trimkasih
5,Tidak ada review
4,"Produk dikirim sesuai gambar, tapi spek nya agak berbeda. Awalnya saya kira bisa menangkap sinyal digital, ternyata stelah dipasang antena digital hanya analog channel yg tertangkap. Overall, four stars is proper.."
5,Ada tower speaker gak ni produk
5,Tidak ada review
5,Gambar+ suara joss 2 tahun pakai tanpa masalah thanks toshiba
5,Tidak ada review
1,Gmn cara cicilan nya ?
5,Barang sesuai pesanan dan cepat sampai.
5,"speaker yg 1 kayaknya agak pecah suaranya, boleh ganti gak?"
4,Tidak ada review
3,Cara cicil nya gmna yaa kak ?
5,"pengiriman cepat, barang sesuai ekspektasi"
5,Tidak ada review
5,Tidak ada review
5,"Tv ya udh sampai sejak lama tp baru  bisa kasi ulasan hari ini. Udh sampai dengan selamat tv ya dan emng bagus bngt panasonic ini. Tp di rmh saya tv ya bures, bisa kasi saran kenapa tv ya bersemut gitu? Salah beli antena atau gimana ya kak."
5,Tidak ada review
5,Barang sesuai pesanan thx lazada
5,Tidak ada review
5,Tidak ada review
5,barang sesuai pesanan...packing aman. sicepat memang ok. rekomended sekali
5,Tidak ada review
5,Maksih tv udah nyampek bagus.. pesen pagi sore datang
5,Tidak ada review
5,"tv nya bagus, harga kompetitif"
5,Tidak ada review
5,Tidak ada review
5,Tidak ada review
5,Tidak ada review
5,Barang datang tepat waktu dan sesuai dgn ulasan
5,Tidak ada review
5,"harga terjangkau tapi kualitas luar biasa layar hd nya jernih dan nyaman dipakai berasa seperti nyata , tvnya mudah sekali diaplikasi speker super keren , merasa sangat beruntung membeli produk ini sangat sangat direkomendasikan ğŸ˜‰"
5,so far okeh.... sesuai deskripsi.....tepat waktu pengiriman
5,"barang bagus, pengiriman cepat. barang ori. trimakasih lazada"
5,"harga terjangkau tapi kualitas luar biasa , layar hdnya betul"" jernih dan nyaman digunakan berasa seperti nyata , suara spekernya keren banget , tv juga mudah diaplikasikan love it  rekomendasi sekali untuk dimiliki ğŸ˜‰"
5,Tidak ada review
5,"produk sudah saya terima dalam keadaan aman, belum di coba"
5,Tidak ada review
5,"Tvnya keren,pengirimannya,cepat.... terimakasih Lazada..."
5,barang nya bagus bet mudahan bertahan lama
4,Tidak ada review
5,barang cepat sampai dan dikirim lgsg sama pegawai tokonya.
5,Tidak ada review
3,"sudut pandang sempit cuma sekitar 20Â° +/- , keluar dari sudut itu fokus , color , contrast lari smua. kwalitas layar kurang memuaskan ."
5,"Beli disini sangat memuaskan uda setaun lebih, hampir 2th TV takperna bermasalah, cocok banget buat anak Kosan ditaru dikamar biar kagak bosan"
5,Tidak ada review
5,"produ ok.. pengiriman ok,,.."
5,Tidak ada review
5,Tidak ada review
5,"Penjual: responive Q&A, âœ“ Paket: cepat, rapih, aman âœ“ Harga: ok âœ“ Kulitas Produk: Respond Start: cepat; Setting: mudah; Warna: natural âœ“ Overall: 5/5"
5,Tidak ada review
5,Bagus.... Dan.... Mantap
4,Tidak ada review
3,Ternyata blum compatible digital broadcast (DVB-T2) -> Siaran digital.. Aaaa..kena tipu deskripsi
5,"Barangnya sampai dengan Selamat, Packingnya lumayan & barangnya berfungsi sesuai yg diharapkan,, mantap ğŸ‘"
5,Tidak ada review
4,Pelayanan mantap. pesanan datang tepat waktu walau saya di timika Papua. Thks LAZADA
5,Tidak ada review
3,pesanan cepat sekali sampainya..barang sesuai yg di gambar...tapi sayang buku panduannya tak ada.
5,Tidak ada review
5,sudah di terima...responsif ...pokoknya siipp lah....
1,Barang nya sih bagus sesuai pesanan..
5,Tidak ada review
5,Bagus
5,Tidak ada review
5,Tidak ada review
5,Tidak ada review
5,"sdh ditrma, packing ok, kondisi brg ok, dites ok. smg bertahan dlm jabgka waktu sangat lama"
5,Tidak ada review
5,Tidak ada review
1,"velum sebulan udah matot,kecewa banget"
4,barang bagus
5,Tidak ada review
5,"Barang sudah terima , tidak sesuai gambar yg diiklankan lengkap speaker, yg dikirim tanpa speaker, kecewa, type yg sama tanpa speaker pada seller lain jauh lebih murah"
5,Tidak ada review
4,Tidak ada review
5,Tidak ada review
5,Tidak ada review
4,Tidak ada review
5,Tidak ada review
5,Tidak ada review
5,good
5,Tidak ada review
5,Tidak ada review
5,Tidak ada review
5,Tidak ada review
5,Tidak ada review
5,terimakasih...
5,Tidak ada review
5,Tidak ada review
4,Tidak ada review
5,Tidak ada review
5,Lumayan bagus cuma saya kira ada Bluetooth nya ternyata gk ada..
5,Tidak ada review
5,Tidak ada review
5,trimakasih ya.. membantu alhamdulilah
5,bagusss..recomended seller
5,Tidak ada review
5,Tidak ada review
5,Tidak ada review
2,"Setelah dicolok ke tv dari antena kok  byk semut y, gambar g jelas."
5,Tidak ada review
5,Tidak ada review
5,Tidak ada review
5,Tidak ada review
2,Magic pointer tidak compatible .. kenapa yaa
5,Tidak ada review
5,Tidak ada review
5,Tidak ada review
4,Tidak ada review
5,Tidak ada review
5,Tidak ada review
5,Tidak ada review
5,Tidak ada review
5,Tidak ada review
5,Tidak ada review
5,Tidak ada review
2,Tidak ada review
5,lumayan bagus tv nya
5,"Barang nya bagus,, gambar dan suara jga bagus .. Top deh pokoknya .. packing nya jga rapih pakai kayu ,,tq lazada tq jga multi digital ..  semoga barang nya bisa awet ya ."
5,"Barang cepat sampai, berfungsi baik, harganya bagus, puas sekali thanks"
5,Tidak ada review
5,Tidak ada review
5,Tidak ada review
5,Tidak ada review
5,"Bagus , pngiriman tepat waktu ."
5,Tidak ada review
5,Tidak ada review
5,Okey
5,Tidak ada review
5,"Produknya bagus,cuma pengiriman lambat,packing juga rapi"
1,TV nya retak bagian atas
5,Tidak ada review
5,Tidak ada review
5,Tv good
5,sdh diterima..dites suara kecil... pd sumber masukan cuma ada AV(NTSC)  cuma satu tidak ada AV1 AV2...mohon petunjuk. tks (DITUNGGU TANGGAPAN SEGERA!!)
5,Tidak ada review
5,Tidak ada review
5,baik n cepat sampai dr prediksi tks
5,Tidak ada review
5,"respon penjual sgt cepat ,pesan senin dtg sabtu ,barangnya diterima dgn utuh ,pokok E mantul"
5,"microphone 'n converter jack 3.5mm telah diterima dengan baik, kwalitas sesuai pesanan ... bagus! ğŸ‘ŒğŸ‘ğŸ‘"
5,"Barang sampai dengan selamat, sesuai estimasi.. belum di coba semoga memuaskan dan awet"
5,Tidak ada review
5,Mantap pengirimna cepat banget
5,Mantaaaaaaaap tv nya... Mksih seller.. Mksih lazada Mas kurir nya juga baek banget ğŸ™ğŸ™
5,Tidak ada review
5,Tidak ada review
5,"Barang ok, pengiriman ok, kirim pesan nggak ok, nggak di respon Suara ok, tp volume di atas 15 suara jd kecil, subwoofer jg mengecil"
5,barang SDH sampai tapi blm saya pakai
5,tepat waktu
5,"Brg bagus dan kiriman cepat, respon cepat."
2,"pokoknya sy minta ganti 43'' sesuai postingan,yg bnr aja msk dikirim 32"", ditunggu itikad baiknya."
4,barang mantap recomonded ...
5,Tidak ada review
5,"Produk benar-benar baru, bahkan melebihi ekspetasi saya. Saya baru membukanya sore tadi Minggu 20/5/2018, dan mulai coba-coba. Saya memperkirakan mendapat rakitan 2012 tengan OS Lion, ternyata rakitan 2015, OS nya sudah El Capitan. Mantab !!!"
3,Tidak ada review
1,Ini new segel atau seconds ya?
5,"produk keren dengan harga 4 jt, ini rekomen banget dan bagus banget buat yang suka main game ini bagus banget dengan prosesor dan fitur yang memadai, thanks banget Lazada"
4,Tolong kabari jika sudah ada stoknya
5,"Saya mencari laptop yang ringan dan tipis, saya menemukan produk ini. dari harga dan spek yg ditawarkan, saya sangat puas. cukup ringan dan tipis, spek nya pun bagus untuk dikelasnya dan harganya ok. setelah saya coba, semua berjalan dengan sangat baik dan mesinnya tidak cepat panas. battery nya pun tahan lama, saya bisa pakai 5-6 jam.  untuk softwarenya sudah include windows 8.1. trackpad dan layar sentuhnya berfungsi dengan sangat baik. recommended buat yg cari laptop multifungsi, dengan harga yg ok dengan spek yang di ada, cukup tipis dan ringan."
5,"Harga memikat, pengiriman cepat dan kualitas barang tak kalah hebat. Walaupun garansi SSSC semoga aman. 2 hari udah sampe. Trims Lazada dan juga Resellernya.."
4,Tidak ada review
5,Produk sesuai iklan
4,Tidak ada review
5,Ini laptop mantel banget saya beli pake duit ngambil dari orang tua hehe mantel lah
4,Tidak ada review
5,Tidak ada review
5,"Good condition, fast delivery"
5,"Packing rapih dan aman, barang 100% baru, apalagi harganya bener bener murah dibanding dengan yang lain, apalagi yang ini 8GB Ram nya =D Terimakasih kotakom dan lazada :)"
5,.
5,Tidak ada review
3,Puas sekali.. begitu kita klick untuk paymentnya dua hari kemudian barang kiriman sudah datang sesuai alamat yg dituju..
5,Mhn info sy pesan 8 unit baru..trims
3,Tidak ada review
5,"sesuai gambar dan deskripsi, packaging dgn dus bawaannya, dan berfungsi dgn baik."
5,Tidak ada review
5,Barang sesuai ekspektasi.
5,Oke
5,Tidak ada review
5,"garansi distributor, 3 tahun"
5,Barang di packing rapi. Dan sangat memuaskan.
5,"Karena saya hanya bantu untuk membelikan, bukan dipakai sendiri, sy tidak punya pengalaman terhadap produk tsb, namun saya sedikit melihat secara fisik, seharusnya C55 lumayan lah, untuk supplier KliknKlik, saya sgt puas, dalam memberikan informasi sgt jelas dan menanggapi dengan cepat, terima kasih ya"
5,Tidak ada review
5,Tidak ada review
3,Bang kalau + upgrade ram jadi total berapa?
5,"Bagi Yang Minat Order/Pesan Barang Kami,Silahkan Add WhatsApp/WA.085200343400..Langsung Dari Reseller Toko..Terimah Kasih."
4,exelent gan tingkat kan penjualanya
5,"pesan hari senin sampai di Sidoarjo pas hari rabu, Top!!"
1,Tidak ada review
2,Tidak ada review
5,Sampe Sekarang masih Ok ne laptop...
2,ram 8gb atau 4gb?
3,"8 hari baru sampai, sistemnya kosong root saja tampil jadi hrs install ulang,, packingan rapi dan tersegel"
5,"Barang datang cepat, mulus.. semoga tidak ada masalah kedepannya"
4,"Bagi Yang Minat Order/Pesan Barang Kami,Silahkan Add WhatsApp/WA.085200343400..Langsung Dari Reseller Toko..Terimah Kasih."
5,Tidak ada review
4,Tidak ada review
5,pengiriman cepat sekali dan barangnya sangat bagus. rekomended bgt tempat blanja nya
5,"barang sudah sampai dengan kondisinya bagus dan sesuai dengan iklan,mantappp pokoknya... cma packingnya horor... alngkah baiknya jika di packing kayu agar lebih aman,"
3,ini memori nya brp gb ya tolong di jawab
3,Laptop nya sudah saya terima dan packing nya bagus tanpa sedikit cacat.ThanksLazada
4,Bisa dicicil ga
5,Tidak ada review
5,"Maaf lama koment nya...Kotakom gak diragukan unit sudah dipakai 3 bulan tidak ada masalah, pengen instal game tapi bingung game apa....jossss"
1,Tidak ada review
2,Barang nya kira kira bagus g y semoga pas datang nanti bagus
1,"Penjualnya kasih garansi berapa bulan nih, bisanya Asus 24 bulan tp ini kok cuman 1 tahun,...jadi ragu mau beli"
5,Tidak ada review
5,Tidak ada review
5,"Saya sudah berkali-kali beli via lazada... Laptop ini adalah barang ""terpuas"" yang pernah saya beli dan pakai... Memang ram nya kecil (hanya 4GB), tapi jika ingin speed menjadi kenceng, akalin dengan hardisk SSD... Thanks'"
3,"barang ok, tapi proses pengiriman agak lambat"
4,barang asli
1,Warna Silver Ready kaga bos? Thanks bos.
4,Produk sesuai dengan yang saya mau..
5,Tidak ada review
3,Tolong pemberitahuanya kapan ada lagi?
5,Oke
5,"Mantap banget, sesuai diskripsi semoga bisa beli lagi untuk kerjaan"
5,Tidak ada review
5,"Seller ramah, pengiriman aman dan cepat, deskripsi sesuai, plus dapat diskon voucher dari lazada. Makasih pasar tablet dan lazada"
5,Bisa bayar dngan di cicil gan
3,Ini serius gan? Murah banget buset
1,Bekas ya?
5,Barang telah sampai 1 tahun yg lalu ...maaf baru sempat tulis ulasan...ğŸ‘ğŸ‘ğŸ‘
4,Gambar Dot pixel nya bisa di WA kan? 085731094368
5,"Bagi Yang Minat Order/Pesan Barang Kami,Untuk Lebih Memastikan Silahkan Add WhatsApp/WA 0852 5072 0044 ..atau invite PIN D9066CB6 Langsung Dari Reseller Toko..Terimah Kasih."
5,"Puas, kiriman sesuain, barang jg sesuai dgn spec. Trims"
5,Caranya gimana bos
3,Ini ori pa seken?
4,makasih gak barang sesuai deskripsi n cepet banget pengirimannya recomended seller
3,"Gan, bisa install win 7 ngak ya?"
5,joss gandos
1,Tidak ada review
5,Tidak ada review
2,"Jenis barang tersebut,ternyata harga bekasnya terbilang lebih mahal dari harga pasaran. Dan untuk charger tidak stabil, agak longar. Tlng TIM LAZADA diperhatikan utk jenis barang second."
5,Tidak ada review
4,Tidak ada review
4,Barang sudah datang cuman packing kurang aman (tdk pakai kayu/bubble)......mudah2 awet
5,barang sesuai spesifikasi terimakasih
5,barang ok banget
4,Paket telah diterima dengan baik
5,"Bagi Yang Minat Order/Pesan Barang Kami, Untuk Lebih Memastikan Silahkan Add WhatsApp/WA 085200343400..Langsung Dari Reseller Toko..Terimah Kasih."
5,Sesuai pesanan. Klo bisa di kasih free nya dong.
5,Ntabs
5,Tidak ada review
5,Tidak ada review
4,Mau kredit. Cicilan nya berapa x bayar ?
5,Tidak ada review
5,Tidak ada review
5,Tidak ada review
5,Barang OK NIce...
5,Tidak ada review
5,Tidak ada review
1,wrn ungu?
5,Tidak ada review
5,Bagus...bisa langsung pake
1,ntbk ungu ad?
3,"Sebaiknya penjualan sekaligus dengan windows nya atau lebih diperjelas lagi kalau tidak ada windows nya, sebab belum tentu semua orang mengerti hal ini dan tidak di semua tempat mudah untuk menginslal windows"
5,"Barang sesuai dan lengkap, kiriman cepat sampai, seller baik dan ramah"
5,Tidak ada review
5,"Delivery cepat sampai. Hanya 1 hari lokasi DKI Jakarta. Sudah terinstall OS endless OS dari sananya. Hanya support OS WIndows 10 64bit saja. Di deskripsi hanya ditulis OS DOS dan non OS, namun nyatanya sudah ada OS endless, OS yg jarang banget orang indonesia pake. Include driver yang hanya untuk Windows 10 64bit saja. Mohon cantumkan hanya support Windows 10 64bit saja di deskripsi agar customer paham dari awal."
2,Tidak ada review
5,"sangat puas, minta sekalian di instal di kabulkan. seller nya komunikatif dan responsif"
5,barang sudah sampai..  ğŸ‘ğŸ‘
5,"barang datang cepat, sesuai permintaan, packing rapih pokoknya recomendet dan puaaasss."
1,"Uangnya ud d transfer , stlah itu dbatalin krna stock tidak ada.. dr harbolnas smp tgl 22 des 2017 blm ada pengembalian uang. Ud 10 hari dan asli prosesnya ribed ... kaco !!!"
4,Sesuai harapan
5,"Produk baik, pengirimanan cepat."
4,Tidak ada review
4,Sesuai deskripsi dan.spesifikasi
5,Tidak ada review
1,Pesan tgl 8 sekarang blm d kirim malah pihak toko nya minta tambah uang...
5,"saya puas dengan laptop asus, packing rapi barang okay. trims"
5,Tidak ada review
5,Tidak ada review
5,Tidak ada review
4,secara keseluruhan cukup baik. terima kasih.
5,"Diterima sesuai estimasi waktu, packing bagus, barang oke."
1,Tidak ada review
5,Tidak ada review
5,Tidak ada review
5,macbook pertama dan barang dijamin asli. hanya saja pengemasan/pengepakan untuk pengiriman barang hanya menggunakan kardus dan bubble wrap sehingga sangat beresiko. takut kenapa2 aja barangnya soalnya barang elektronik dan mahal buat saya tapi packingnya cuma kardus. untung aja dalemnya ga kenapa2 cz kardus luarnya udah lumayan penyok
5,produk asli dan segel..sangat bagus tanpa cacat..sesuai dengan apa yg saya pikirkan..trims..
2,Tidak ada review
5,"Bagi Yang Minat Order/Pesan Barang Kami,Silahkan Add WhatsApp/WA.085200343400..Langsung Dari Reseller Toko..Terimah Kasih."
5,terima tapi kondisi dus sangat kotor
5,Tidak ada review
5,Barang sampai dengan selamat. terima kasih
4,Sesuai pesanan.. Trima kasih.
5,"Packing rapih ,respown juga baik,makasih gan barang mendarat dengan mulus :D"
5,Tidak ada review
5,Good
5,Tidak ada review
4,MANTAP! Tapi mouse dan mouse pad legion tidak ada di paket
4,"Produk tdk menjelaskan lbh spesifik bhw tdk ada program office. Tas ACER yg dikirim tdk matching dgn ukuran note book (tas lbh kecil), shg note book tdk bs masuk"
5,Tidak ada review
5,"ESEL seller paling top, barang yg dikirim masih tersegel pabrik dan sesuai spesifikasimya. 5 stars"
5,wahhh...super cepat...cuman 3 hr sudah di genggaman...makasih byk....profesional
5,Tidak ada review
5,Tidak ada review
5,"They are good sellers who are prompt in reply and responsible. My experience of dealing with them has been positive, though I have a little problem with the product. They made effort to write and respond to question and ascertain to my doubt. I would comment they are one who can deal with confidence and reliability. Will buy with them when there is a need again"
5,Tidak ada review
4,Tidak ada review
5,Tidak ada review
5,Tidak ada review
5,barang kami terima dlm kedaan baik
3,"Barang diterima dgn baik,  barangnya baik kondisinya bekerja dgn baik jg. Hanya saja ada bbrp hal yg sangat disayangkan yaotu: 1.Tidak ada buku petunjuk penggunaan (user Guide)  2.Tidak Kartu Garansi 3.Dlm konfirmasi email yg sy dpt dari Lazada ditulis akan dikirim dan diterima tgl 22 Oct 2018 ternyata sy terima pada tgl 24 Oct 2018. Jd utk apa dong ditulis seperti itu akhir terima nya tdk sesuai dgn tgl yg dijanjikan."
5,barang oke sesuai pesanan...
2,Hadiah speakernya taro dimanataaa???
5,Tidak ada review
5,Puas bgtz barang bagus cepat sampai terimakasih lazada
5,Kualitas ğŸ‘
5,Tidak ada review
4,Tidak ada review
5,maaf baru kadih ulasan....barang sesuai dgn yg diharapkan
5,Tidak ada review
5,Tidak ada review
5,Tidak ada review
5,I like it...gooood ğŸ‘ğŸ‘ğŸ‘
5,Terima kasih
5,Tidak ada review
5,"Barang bagus, ori, packing aman dan rapi, walaupun pengiriman agak lama, tapi barang sampai dengan selamat."
4,Tidak ada review
5,Tidak ada review
5,Barang diterima dalam kondisi sempurna dan bisa berfungsi dengan baik.
4,"baru kali ini belanja predator cman dapat dos, charge sama laptop tanpa buku2, cd acer dan charge ga ada kotaknya."
5,Tidak ada review
1,Tidak ada review
5,Laptop budget yang sangat lengkap di kelasnya.  warna birunya mewah. value for money nya oke banget.
5,Tidak ada review
4,packing nya rapi
5,Tidak ada review
5,Bagus
4,Tidak ada review
2,Tidak ada review
5,Laptop berfungsi dengan baik. Cocok untuk membuat / mengedit file MS Office dan browsing Internet.
5,Tidak ada review
5,Aman terkendali. Cepat sampai . Sellerr ramah banget
5,Tidak ada review
5,Tidak ada review
5,Tidak ada review
5,Tidak ada review
5,Tidak ada review
5,Tidak ada review
5,Tidak ada review
5,Tidak ada review
5,Tidak ada review
5,Tidak ada review
5,Tidak ada review
5,"pertama beli dibatalkan, karena salah harga... pesanan ke 2 lama bgt barang datang..."
5,Packing rapi dan product memuaskan.
5,mantap semoga awet dan barokah
4,Tidak ada review
5,Tidak ada review
5,Tidak ada review
5,Tidak ada review
5,Tidak ada review
5,Tidak ada review
5,Tidak ada review
5,Tidak ada review
5,"Waktu seller telp, warna laptop nya yg black harus indent, lalu sy pilih warna grey, tapi yg datang malah warna silver, tapi its oke lah..., barang mulus, baru , cuman blm aku install nih..., jadi blm aku kutak katik"
5,"Sempat ada issue dengan laptop nya, tp support dari Bhinneka cukup tanggap memberikan solusinya. Laptop Asus ux331ual nya sesuai deskripsi. CS nya ramah membalas setiap chatnya. So far so good laptopnya super ringan."
5,"Kelebihan : tipis, build quality top lenovo warna hitam dove keren, layar IPS, SSD, core i5 sdh 8th gen, fingerprint, dpt geforce mx130 pula, paling worth it untuk kelas 2in1 yg bs lumayan gaming ğŸ‘, dpt pas hrg promo pula. Kekurangan : agak berat ternyata untuk 1,7kg klo dipegang2 mode tablet"
5,Tidak ada review
4,bagus mantap
5,Tidak ada review
5,"Barang sdh tiba dgn selamat, fungsi baik, trims seller lazada & kurir"
5,barang sesuai dengan yang digambar. dikasih tambahan bonus install game+aplikasi. mantappp
5,Tidak ada review
5,Terima kasih untuk HP! Chat bener-bener cepat banget responnya dan pengirimannya juga cepet banget! Laptop sampai dengan aman dan selamat!
4,Tidak ada review
5,Tidak ada review
5,"puas sekali dengan pelayanan lazada, hanya saja dalam informasi produk pihak lazada kurang menguasai,l dan mau saya sampaikan ryzen 7 menggunakan vega 10 serta sudah mendukung fingerprint"
5,Produk mantap....!!!!!! Warbiasaaahh!!!!
5,produk sudah Dicoba semua berfungsi baik. Packing Rapi dan pengiriman juga lumayan cepat.. kalau bisa di tambahkan pengiriman sameday
5,"Alhamdulillah, sesuai pesanan. Terima kasih Lazada dan seleranya. Semoga sukses selalu"
5,Setelah 5 menit mouse tdk berfungsi.Dan gambar layar diam.dan laptop tdk bisa mati...mati jika batrai habis
2,"Saya suka produknya, tapi produk yg saya terima cacat. Sudah complain lewat chat, tapi pihak Acer nya acuh & bertele-tele perihal kecacatan produk yang saya terima. Maksud hati ingin mengganti barang tapi terpaksa refund dana karena seller Acer nya tidak peduli dengan customer. Mau cacat atau tidak pokoknya terima saja. Untunglah pihak Lazada mau mengembalikan dana saya, terima kasih Lazada atas perlindungan customer nya...."
5,Alhamdulillah sesuai dg pesanan bgs banget
5,Tidak ada review
5,Tidak ada review
5,"barang sangat bagus,pengemasan baik,rapih dan pake plastik gelembung.cuman saya pengennya laptop yg 14""."
5,Tidak ada review
5,Tidak ada review
5,respon penjual sangat baik.. kami sangat terbantu terimakasih
5,terima kasih barangnya sudah diterima dalam kondisi baik
5,"Cepat sampai, so far bagus berfungsi semua, cuma packingny next dikasih bubble at kotak kayu dong, supaya aman, thx"
5,Tidak ada review
1,"Hardisk Rusak, tidak bisa install Windows . Laptop sy kembalikan"
4,Mantap
5,Tidak ada review
5,"sudah sampe , packing rapi. cepat prosesnya trmksh TOKO KLIK n  LAZADA ğŸ‘ğŸ‘ğŸ˜€"
5,Tidak ada review
5,Tidak ada review
3,buku panduan office nya gak dapat.. respon lambat juga..
5,Tidak ada review
5,Barang utk sekelasnya dari harga dan merk nya sudah sangat bagus.
2,Batre nya kok cepet habis? Jika sambil di charge nyterum? pemasangan nya gak rapi ya? Belum saya cek semua semoga kagak lemod
5,Tidak ada review
2,Kenapa ada garis di laptop nya? Kita minta diganti dengan prodoct yang baru ya
5,sesuai deskripsi dan semua berfungsi dengan baik terima kasih lazada walau sempat ada kecemasan tentang pengiriman
5,mantap sesuai harapan
1,"kecewa & mengecewakan... barang tidak bisa digunakan, keaslian diragukan & gk ada respon."
5,Tidak ada review
5,Tidak ada review
5,Tidak ada review
5,ğŸ‘ğŸ‘ğŸ‘
5,Barang Alhamdulillah sudah sampai namun belum bisa dibuka blm ada aplikasi windowsnya jadi nunggu di instal dulu blm tau sih bagus enggaknya nanti kalau sdh bisa aku koment lagi
5,"mntap, semoga awet....makasih"
5,Tidak ada review
5,mantulğŸ‘Œâœ”ï¸semoga awet. bakal langganan ğŸ˜Š
5,Tidak ada review
5,"pengiriman cepat, sellwr mantaps"
1,"Tidak ready dipake, harus di install dan hanya dgn win 10, gak recomended"
5,Tidak ada review
5,"barang recommended, hanya kurir saja yang lama dalam pengiriman, thanks"
5,Tidak ada review
3,"barang nya bagus, harganya miring udah ditest dan ok sayangnya packing agak beresiko karena hanya bubble wrap tipis terus dipaket nya gak ada tanda fragile.. untung aja gak dibanting ama kurir.."
5,Tidak ada review
5,Tidak ada review
5,"mantap, sesuai spek"
5,Pengirimannya sangat cepat.... barang asli dan baru 100% ( masih segel).. recomended sellerğŸ‘.. Terimaksih lazada
5,good ğŸ‘ ğŸ‘ ğŸ‘ ğŸ‘ ğŸ‘
5,berfungsi dengan baik
5,Tidak ada review
5,Tidak ada review
5,barang mantapp... terimakasih....
5,mantulll... pake optane
5,produk sesuai
5,Tidak ada review
5,Tidak ada review
2,"unit kelihatannya baru tapi saat pertengahan pakai, mouse tdk bisa bergerak,layar menyala tapi tdk bisa di operasionalkan, saya coba batrai di copot baru mau nyala kembali dan info display batrai masih 1 jam tapi mendadak mati..."
5,"Awalnya sedikit ngeri ngeri sedap utk beli electronic scr online, apalg saya cek.blm ada ulasan sama sekali.....tp....syukutlah..... Terima kasih laptop diterima dalam kondisi aman, tdk ada cacat, dan berfungsi"
3,"sementara ini laptopnya belum bisa nyala, informasi tampilannya instalasi windowsnya gagal dan harus diulang,, menunggu respon seller apakah bisa dikirimi SN windows bawaannya atau barangnya bisa ditukar?"
5,Produk original kwalitas okey packing TOP Markotop sampai dgn aman tanpa lecet sedikitpun kurir dr June chasless ramah ğŸ‘ğŸ»ğŸ™ğŸ»
2,"Awal saya menerima barang dan mencobanya (Senin, 5 Agustus 2019), laptop terkena masalah di kipas, masalahnya persis seperti di salah satu thread forum MSI (saya ga bisa mengirim url di ulasan). Saya langsung menanyakan ini ke seller dan official page-nya MSI langsung. 5 hari berlalu dan TIDAK ADA JAWABAN SAMA SEKALI. Ini kali pertama saya diperlakukan ""sebaik"" ini oleh seller. Jangan salah paham, laptop MSI bagus kok, mungkin lebih bagus dari produk yang lain dengan harga yang sama. Jika Anda ingin membeli, silahkan saja. Tapi jika ada masalah di laptop seperti yang saya alami... semoga beruntung :)."
5,Packing bagus...barang sampai dengan aman
4,"Office hanya free trail rebooting sangat lemot dan buka aplikasi bawaan lama padahal laptop baru, saran aj biar tidak lemot jgn aktifin cloud box atau one drive atau segala tentang back up aktifitas windows, dan program auto start up baikny dikurangin lewat msconfig ga ketampil semua pk app ccleaner br bisa klihatan start upny Trnyata bnyk biarr bootingnya ga lama.  hasilny jd kerasa beneran laptop baru. bonusnya juga dapet tas dan stylus backlight keyboard ok."
5,Tidak ada review
5,"Pengiriman Sangat Cepat dan product sesuai, thanks Gan"
5,ok mantaap
5,brg Ok
5,Tidak ada review
5,Kardus agak penyok. Untung isinya Aman. Thanks
5,"Laptop bagus, rekomendasi buat UC technologi"
5,mantap. terimakasih :)
5,"Fast respon, pengiriman cepat, packing rapi. Excecllent"
5,Tidak ada review
5,Tidak ada review
5,"Mantap lancar jaya, mesen jumat sabtunya nyampe. Minta upgrade spek gapake lama. Barang mulus packing rapih. Top pokoknya"
5,Tidak ada review
5,Tidak ada review
2,"Kemaren  sy udah kasih bintang 5.  Stlah sy coba pake 2 hari laptopnya uda berat/lelet, hr ini sy mau coba instl officenya dak bisa krn udah lelet duluan, dak bs nyelesaikan smpai sore dak slsai2 pasang office.  Mhn solusi dari seller......?"
5,Tidak ada review
5,Tidak ada review
5,"Luar biasa, laptopnya jos, jasa pengiriman cpt 2 hari aja, packing rapih dan aman. Barang datang dhnnkeadaan sangat baik melebihi expetasi malah"
4,Koq nggak dapat tas/bag ya ?
5,Tidak ada review
5,sangat baik
5,"Good, packing rapi dan aman, cuma pengiriman aja rada lama"
5,"Laptop ini bagus. slim dan enteng. Performanya juga bagus, belum buka aplikasi berat sih. Tapi, waktu buka file foto cepet banget. Nggak mau kalah sama komputer kantor yang i7 ram 16GB. Besok coba buat edit foto. Btw, untuk slot SD Card cuma bisa micro SD. Jadi buat fotografer yang pakai SD Card harus beli adapter lagi. Esel pengiriman cepet banget, ngga sampai 24 jam dalam kota Jakarta. packing pakai bubble. meski box sempat penyok dikit, tapi untungnya di bagian bawah. Penjual mesti wanti-wanti ke kurir untuk lebih hati-hati."
5,Tidak ada review
5,"Original, packingnya bagus."
5,barang mantap sesuai harapan dan tidak diragukan lagi
5,Mantap barang sesuai pesanan
5,Tidak ada review
5,Barangnya bagus
5,Produk mantap
5,Tidak ada review
5,"Terimakasih, Paketnya sudah diterima sesuai dengan pesanan. packingnya bagus namun klo boleh saran saat packing mohon gunakan packing dari kayu supaya saat proses pengiriman terhindar dr ke khawatiran benturan."
2,Tidak ada review
1,"Barang Datang Tepat Waktu, Tapi Gak Bisa Di Charge . Bagaimana Solusinya Ini? Mohon Pertanggung Jawabannya.."
5,Tidak ada review
5,barang diterima sesuai pesanan ...josss lazada thanks
5,Tidak ada review
2,lumayan tapi sayang lemoot dan belum download aplikasi batrenya cepet habis
5,Tidak ada review
5,tampa sidik jari tampa pen tampa led harga gak pernah bohong sesuia dengan ankanya makasih
5,Tidak ada review
5,Tidak ada review
5,Tidak ada review
5,keren abissss. Harga murah kualitas no murahaannnnn
5,Tidak ada review
1,Tidak ada review
5,Tidak ada review
5,Tidak ada review
5,Packing rapi dan pengiriman sangat cepatğŸ˜Š
5,"pengiriman cepat, semoga umurnya lama"
5,"real pict, tapi belom di cobağŸ˜…"
3,"dari barang sih oke, cuma packingnya yalord.. biasanya gue beli barang kyk gini sama yg jualan itu dikasih safety kayu, tp ini cuma bubblewrap yg kecil. mudah2an dlmnya ga knp2.  ğŸ˜­ğŸ˜­ğŸ˜­ğŸ˜­"
5,Tidak ada review
5,Tidak ada review
5,"Overall, build-nya bagus; kokoh. Cuma kaget aja pas nyampe kok 17"", kirain 15"". :v Buat harganya, kayanya susah nemu laptop lain dengan spek sama. Dan yang paling ketara itu built-in speakers-nya. Ngga nyangka bisa denger bass yang lumayan jernih dan berdentum (untuk sekelas speaker laptop), apalagi kalo ditaro di atas meja kayu. Ya, ini speaker-nya ada di bawah keyboard, menghadap ke meja. Performa sih ya sesuai spek. Kalo pun ada kekurangan ya di baterenya. Untuk spek agak sangar begini emang ngga bakal bisa dipake maen game full power kalo ngga dicolok. Ada bonus backpack juga dan meski bonus, ini backpack serius. Bisa muat macemÂ² ampe tablet segala diluar laptop ama kabel + adaptor...kalo perlu bawa laptop cooler 17"" juga hayuk. Bahannya juga bagus, padding cukup, ada 3 kantong dengan zipper di luar, dan ada tempat botol minum yang adjustable juga."
1,I can't login to activated this netbook because need password. I need help for this problem ğŸ˜­ğŸ˜­ğŸ˜­
5,OK Sip ...
5,keren bro
5,cuman kabel power kurang bagus
5,"barang kondisi ok, respon cepat & sangat baik,"
5,Tidak ada review
5,"barang sampai tepat waktu sesuai target Lazada, barang sesuai spekyg ada sayangnya masih kosongan belum ada windows, tapi still ok...great Lazada"
5,"Pelayanannya sangat bagus, barang sesuai dengan yang dipesan dan pengiriman cepat sekali, pesan Jumat malam, Sabtu sore sudah sampai, mantapp !!"
5,Barang sampai lebih cepat dan dalam kondisi sangat baik. Sudah di test dan sejauh ini puas dgn performance-nya.
5,ok
3,Bonus nya bohong gak ada
